{
  "AF": "Afganistan",
  "AL": "Albània",
  "DE": "Alemanya",
  "DZ": "Algèria",
  "AD": "Andorra",
  "AO": "Angola",
  "AI": "Anguilla",
  "AG": "Antigua i Barbuda",
  "AN": "Antilles Neerlandeses",
  "AQ": "Antàrtida",
  "AR": "Argentina",
  "AM": "Armènia",
  "AW": "Aruba",
  "SA": "Aràbia Saudita",
  "AU": "Austràlia",
  "AZ": "Azerbaidjan",
  "BS": "Bahames",
  "BH": "Bahrain",
  "BD": "Bangla Desh",
  "BB": "Barbados",
  "BZ": "Belize",
  "BJ": "Benín",
  "BM": "Bermudes",
  "BT": "Bhutan",
  "BY": "Bielorússia",
  "BO": "Bolívia",
  "BW": "Botswana",
  "BR": "Brasil",
  "BN": "Brunei",
  "BG": "Bulgària",
  "BF": "Burkina Faso",
  "BI": "Burundi",
  "BE": "Bèlgica",
  "BA": "Bòsnia i Hercegovina",
  "KH": "Cambodja",
  "CM": "Camerun",
  "CA": "Canadà",
  "CV": "Cap Verd",
  "CO": "Colòmbia",
  "KM": "Comores",
  "CG": "Congo",
  "KP": "Corea del Nord",
  "KR": "Corea del Sud",
  "CR": "Costa Rica",
  "CI": "Costa d’Ivori",
  "HR": "Croàcia",
  "CU": "Cuba",
  "DK": "Dinamarca",
  "DJ": "Djibouti",
  "DM": "Dominica",
  "EG": "Egipte",
  "SV": "El Salvador",
  "EC": "Equador",
  "ER": "Eritrea",
  "SK": "Eslovàquia",
  "SI": "Eslovènia",
  "ES": "Espanya",
  "US": "Estats Units",
  "EE": "Estònia",
  "ET": "Etiòpia",
  "FJ": "Fiji",
  "PH": "Filipines",
  "FI": "Finlàndia",
  "FR": "França",
  "GA": "Gabon",
  "GE": "Geòrgia",
  "GH": "Ghana",
  "GI": "Gibraltar",
  "GD": "Grenada",
  "GL": "Grenlàndia",
  "GR": "Grècia",
  "GP": "Guadeloupe",
  "GF": "Guaiana Francesa",
  "GU": "Guam",
  "GT": "Guatemala",
  "GG": "Guernsey",
  "GN": "Guinea",
  "GW": "Guinea Bissau",
  "GQ": "Guinea Equatorial",
  "GY": "Guyana",
  "GM": "Gàmbia",
  "HT": "Haití",
  "HN": "Hondures",
  "HU": "Hongria",
  "YE": "Iemen",
  "BV": "Illa Bouvet",
  "CX": "Illa Christmas",
  "HM": "Illa Heard i Illes McDonald",
  "NF": "Illa Norfolk",
  "IM": "Illa de Man",
  "RE": "Illa de la Reunió",
  "KY": "Illes Caiman",
  "CC": "Illes Cocos",
  "CK": "Illes Cook",
  "FO": "Illes Fèroe",
  "GS": "Illes Geòrgia del Sud i Sandwich del Sud",
  "FK": "Illes Malvines",
  "MP": "Illes Mariannes del Nord",
  "MH": "Illes Marshall",
  "UM": "Illes Perifèriques Menors dels EUA",
  "PN": "Illes Pitcairn",
  "SB": "Illes Salomó",
  "TC": "Illes Turks i Caicos",
  "VG": "Illes Verges Britàniques",
  "VI": "Illes Verges Nord-americanes",
  "AX": "Illes Åland",
  "ID": "Indonèsia",
  "IR": "Iran",
  "IQ": "Iraq",
  "IE": "Irlanda",
  "IS": "Islàndia",
  "IL": "Israel",
  "IT": "Itàlia",
  "JM": "Jamaica",
  "JP": "Japó",
  "JE": "Jersey",
  "JO": "Jordània",
  "KZ": "Kazakhstan",
  "KE": "Kenya",
  "KG": "Kirguizistan",
  "KI": "Kiribati",
  "KW": "Kuwait",
  "LA": "Laos",
  "LS": "Lesotho",
  "LV": "Letònia",
  "LR": "Libèria",
  "LI": "Liechtenstein",
  "LT": "Lituània",
  "LU": "Luxemburg",
  "LB": "Líban",
  "LY": "Líbia",
  "MK": "Macedònia",
  "MG": "Madagascar",
  "MW": "Malawi",
  "MV": "Maldives",
  "ML": "Mali",
  "MT": "Malta",
  "MY": "Malàisia",
  "MA": "Marroc",
  "MQ": "Martinica",
  "MU": "Maurici",
  "MR": "Mauritània",
  "YT": "Mayotte",
  "FM": "Micronèsia",
  "MD": "Moldàvia",
  "MN": "Mongòlia",
  "ME": "Montenegro",
  "MS": "Montserrat",
  "MZ": "Moçambic",
  "MM": "Myanmar",
  "MX": "Mèxic",
  "MC": "Mònaco",
  "NA": "Namíbia",
  "NR": "Nauru",
  "NP": "Nepal",
  "NI": "Nicaragua",
  "NG": "Nigèria",
  "NU": "Niue",
  "NO": "Noruega",
  "NC": "Nova Caledònia",
  "NZ": "Nova Zelanda",
  "NE": "Níger",
  "OM": "Oman",
  "PK": "Pakistan",
  "PW": "Palau",
  "PS": "Palestina",
  "PA": "Panamà",
  "PG": "Papua Nova Guinea",
  "PY": "Paraguai",
  "NL": "Països Baixos",
  "PE": "Perú",
  "PF": "Polinèsia Francesa",
  "PL": "Polònia",
  "PT": "Portugal",
  "PR": "Puerto Rico",
  "QA": "Qatar",
  "HK": "Regió administrativa especial xinesa de Hong Kong",
  "MO": "Regió administrativa especial xinesa de Macau",
  "ZZ": "Regió desconeguda o no vàlida",
  "GB": "Regne Unit",
  "CF": "República Centreafricana",
  "CD": "República Democràtica del Congo",
  "DO": "República Dominicana",
  "CZ": "República Txeca",
  "ZA": "República de Sud-àfrica",
  "RO": "Romania",
  "RW": "Rwanda",
  "RU": "Rússia",
  "BL": "Saint Barthélemy",
  "KN": "Saint Christopher i Nevis",
  "SH": "Saint Helena",
  "LC": "Saint Lucia",
  "MF": "Saint Martin",
  "PM": "Saint Pierre i Miquelon",
  "VC": "Saint Vincent i les Grenadines",
  "WS": "Samoa",
  "AS": "Samoa Americana",
  "SM": "San Marino",
  "SN": "Senegal",
  "SC": "Seychelles",
  "SL": "Sierra Leone",
  "SG": "Singapur",
  "SO": "Somàlia",
  "LK": "Sri Lanka",
  "SD": "Sudan",
  "SR": "Surinam",
  "SE": "Suècia",
  "CH": "Suïssa",
  "SJ": "Svalbard i Jan Mayen",
  "SZ": "Swazilàndia",
  "EH": "Sàhara Occidental",
  "ST": "São Tomé i Príncipe",
  "RS": "Sèrbia",
  "CS": "Sèrbia i Montenegro",
  "SY": "Síria",
  "TJ": "Tadjikistan",
  "TH": "Tailàndia",
  "TW": "Taiwan",
  "TZ": "Tanzània",
  "IO": "Territori Britànic de l'Oceà Índic",
  "TF": "Territoris Francesos del Sud",
  "TL": "Timor Oriental",
  "TG": "Togo",
  "TK": "Tokelau",
  "TO": "Tonga",
  "TT": "Trinitat i Tobago",
  "TN": "Tunísia",
  "TM": "Turkmenistan",
  "TR": "Turquia",
  "TV": "Tuvalu",
  "TD": "Txad",
  "UA": "Ucraïna",
  "UG": "Uganda",
  "AE": "Unió dels Emirats Àrabs",
  "UY": "Uruguai",
  "UZ": "Uzbekistan",
  "VU": "Vanuatu",
  "VA": "Vaticà",
  "VE": "Veneçuela",
  "VN": "Vietnam",
  "WF": "Wallis i Futuna",
  "CL": "Xile",
  "CN": "Xina",
  "CY": "Xipre",
  "ZW": "Zimbabwe",
  "ZM": "Zàmbia",
  "AT": "Àustria",
  "IN": "Índia"
}