{
  "UG": "אוגנדה",
  "UZ": "אוזבקיסטן",
  "AT": "אוסטריה",
  "AU": "אוסטרליה",
  "UA": "אוקראינה",
  "UY": "אורוגוואי",
  "ZZ": "אזור לא ידוע או לא תקין",
  "AZ": "אזרביג'ן",
  "AE": "איחוד האמירויות הערביות",
  "IT": "איטליה",
  "AX": "איי אלנד",
  "BS": "איי בהאמה",
  "BV": "איי בובה",
  "VI": "איי הבתולה האמריקניים",
  "VG": "איי הבתולה הבריטיים",
  "HM": "איי הרד ואיי מקדונלנד",
  "WF": "איי ווליס ופוטונה",
  "TC": "איי טורקס וקאיקוס",
  "CX": "איי כריסטמס",
  "MP": "איי מריאנה הצפוניים",
  "MH": "איי מרשל",
  "NF": "איי נורפוק",
  "SC": "איי סיישל",
  "FO": "איי פארו",
  "FK": "איי פוקלנד",
  "CK": "איי קוק",
  "CC": "איי קוקוס",
  "KY": "איי קיימן",
  "SB": "איי שלמה",
  "UM": "איים קטנים שלחוף ארצות הברית",
  "ID": "אינדונזיה",
  "IS": "איסלנד",
  "IR": "איראן",
  "IE": "אירלנד",
  "SV": "אל סלבדור",
  "AL": "אלבניה",
  "DZ": "אלג׳יריה",
  "AO": "אנגולה",
  "AI": "אנגילה",
  "AD": "אנדורה",
  "AQ": "אנטארקטיקה",
  "AG": "אנטיגואה וברבודה",
  "AN": "אנטילים הולנדיים",
  "EE": "אסטוניה",
  "AF": "אפגניסטן",
  "EC": "אקוודור",
  "AR": "ארגנטינה",
  "AW": "ארובה",
  "ER": "אריתראה",
  "AM": "ארמניה",
  "US": "ארצות הברית",
  "ET": "אתיופיה",
  "BT": "בהוטן",
  "BW": "בוטסוואנה",
  "BG": "בולגריה",
  "BO": "בוליביה",
  "BA": "בוסניה והרצגובינה",
  "BI": "בורונדי",
  "BF": "בורקינה פאסו",
  "BH": "בחריין",
  "BY": "בלארוס",
  "BE": "בלגיה",
  "BZ": "בליז",
  "BD": "בנגלדש",
  "BJ": "בנין",
  "BB": "ברבדוס",
  "BN": "ברוניי",
  "BR": "ברזיל",
  "GB": "בריטניה",
  "BM": "ברמודה",
  "JE": "ג'רסי",
  "GA": "גאבון",
  "GE": "גאורגיה",
  "GH": "גאנה",
  "GT": "גואטמלה",
  "GU": "גואם",
  "GP": "גוואדלופ",
  "GY": "גיאנה",
  "GF": "גיאנה הצרפתית",
  "GI": "גיברלטר",
  "GN": "גיניאה",
  "GQ": "גיניאה המשוונית",
  "GW": "גיניאה-ביסאו",
  "GM": "גמביה",
  "GL": "גרינלנד",
  "DE": "גרמניה",
  "GD": "גרנדה",
  "GG": "גרנסי",
  "GS": "ג׳ורג׳יה הדרומית ואיי סנדוויץ׳ הדרומיים",
  "DJ": "ג׳יבוטי",
  "JM": "ג׳מייקה",
  "DM": "דומיניקה",
  "DK": "דנמרק",
  "ZA": "דרום אפריקה",
  "KR": "דרום קוריאה",
  "IM": "האי מאן",
  "HT": "האיטי",
  "IN": "הודו",
  "VA": "הוותיקן",
  "NL": "הולנד",
  "HK": "הונג קונג (מחוז מנהלי מיוחד של סין)",
  "HU": "הונגריה",
  "HN": "הונדורס",
  "DO": "הרפובליקה הדומיניקנית",
  "CF": "הרפובליקה של מרכז אפריקה",
  "PS": "הרשות הפלסטינית",
  "VN": "וייטנאם",
  "VU": "ונואטו",
  "VE": "ונצואלה",
  "ZW": "זימבאבווה",
  "ZM": "זמביה",
  "CI": "חוף השנהב",
  "TJ": "טג׳יקיסטן",
  "TV": "טובלו",
  "TG": "טוגו",
  "TO": "טונגה",
  "TK": "טוקלאו",
  "TR": "טורקיה",
  "TM": "טורקמניסטן",
  "TW": "טייוואן",
  "TZ": "טנזניה",
  "IO": "טריטוריה בריטית באוקיאנוס ההודי",
  "TF": "טריטוריות דרומיות של צרפת",
  "TT": "טרינידד וטובגו",
  "GR": "יוון",
  "JP": "יפן",
  "JO": "ירדן",
  "IL": "ישראל",
  "KW": "כווית",
  "CV": "כף ורדה",
  "LA": "לאוס",
  "LB": "לבנון",
  "LY": "לוב",
  "LU": "לוקסמבורג",
  "LV": "לטביה",
  "LR": "ליבריה",
  "LT": "ליטא",
  "LI": "ליכטנשטיין",
  "LS": "לסוטו",
  "MR": "מאוריטניה",
  "MU": "מאוריציוס",
  "YT": "מאיוט",
  "ML": "מאלי",
  "MG": "מדגסקר",
  "MZ": "מוזמביק",
  "MD": "מולדובה",
  "MN": "מונגוליה",
  "ME": "מונטנגרו",
  "MS": "מונסראט",
  "MC": "מונקו",
  "TL": "מזרח טימור",
  "MM": "מייאנמאר",
  "FM": "מיקרונזיה",
  "MW": "מלאווי",
  "MV": "מלדיבים",
  "MY": "מלזיה",
  "MT": "מלטה",
  "EG": "מצרים",
  "MO": "מקאו (מחוז מנהלי מיוחד של סין)",
  "MK": "מקדוניה",
  "MX": "מקסיקו",
  "MA": "מרוקו",
  "MQ": "מרטיניק",
  "NR": "נאורו",
  "NO": "נורווגיה",
  "NG": "ניגריה",
  "NZ": "ניו זילנד",
  "NU": "ניווה",
  "NE": "ניז׳ר",
  "NI": "ניקרגואה",
  "NA": "נמיביה",
  "NP": "נפאל",
  "ST": "סאו טומה ופרינסיפה",
  "EH": "סהרה המערבית",
  "SD": "סודן",
  "SZ": "סווזילנד",
  "SJ": "סוולבארד וז׳אן מאיין",
  "SO": "סומליה",
  "SY": "סוריה",
  "SR": "סורינם",
  "SL": "סיירה לאונה",
  "CN": "סין",
  "SG": "סינגפור",
  "SI": "סלובניה",
  "SK": "סלובקיה",
  "WS": "סמואה",
  "AS": "סמואה האמריקנית",
  "SM": "סן מרינו",
  "SN": "סנגל",
  "BL": "סנט ברתולומיאו",
  "SH": "סנט הלנה",
  "VC": "סנט וינסנט והגרנדינים",
  "LC": "סנט לוסיה",
  "MF": "סנט מרטין",
  "PM": "סנט פייר ומיקלון",
  "KN": "סנט קיטס ונוויס",
  "ES": "ספרד",
  "RS": "סרביה",
  "CS": "סרביה ומונטנגרו",
  "LK": "סרי לנקה",
  "OM": "עומאן",
  "IQ": "עיראק",
  "SA": "ערב הסעודית",
  "PW": "פאלאו",
  "PL": "פולין",
  "PF": "פולינזיה הצרפתית",
  "PR": "פורטו ריקו",
  "PT": "פורטוגל",
  "FJ": "פיג׳י",
  "PN": "פיטקרן",
  "PH": "פיליפינים",
  "FI": "פינלנד",
  "PA": "פנמה",
  "PG": "פפואה גיניאה החדשה",
  "PK": "פקיסטן",
  "PY": "פרגוואי",
  "PE": "פרו",
  "KP": "צפון קוריאה",
  "FR": "צרפת",
  "TD": "צ׳אד",
  "CL": "צ׳ילה",
  "CZ": "צ׳כיה",
  "CU": "קובה",
  "CO": "קולומביה",
  "KM": "קומורוס",
  "CG": "קונגו - ברזאויל",
  "CD": "קונגו - קינשאסה",
  "CR": "קוסטה ריקה",
  "KZ": "קזחסטן",
  "QA": "קטאר",
  "KG": "קירגיזסטן",
  "KI": "קיריבאטי",
  "NC": "קלדוניה החדשה",
  "KH": "קמבודיה",
  "CM": "קמרון",
  "CA": "קנדה",
  "KE": "קניה",
  "CY": "קפריסין",
  "HR": "קרואטיה",
  "RE": "ראוניון",
  "RW": "רואנדה",
  "RO": "רומניה",
  "RU": "רוסיה",
  "SE": "שוודיה",
  "CH": "שווייץ",
  "TH": "תאילנד",
  "TN": "תוניסיה",
  "YE": "תימן"
}