{
  "AF": "Afganisztán",
  "AX": "Aland-szigetek",
  "AL": "Albánia",
  "DZ": "Algéria",
  "UM": "Amerikai Csendes-óceáni Szigetek",
  "AS": "Amerikai Szamoa",
  "VI": "Amerikai Virgin-szigetek",
  "AD": "Andorra",
  "AO": "Angola",
  "AI": "Anguilla",
  "AQ": "Antarktisz",
  "AG": "Antigua és Barbuda",
  "AR": "Argentína",
  "AW": "Aruba",
  "AT": "Ausztria",
  "AU": "Ausztrália",
  "AZ": "Azerbajdzsán",
  "BS": "Bahamák",
  "BH": "Bahrein",
  "BD": "Banglades",
  "BB": "Barbados",
  "BE": "Belgium",
  "BZ": "Belize",
  "BJ": "Benin",
  "BM": "Bermuda",
  "BT": "Bhután",
  "BO": "Bolívia",
  "BA": "Bosznia-Hercegovina",
  "BW": "Botswana",
  "BV": "Bouvet-sziget",
  "BR": "Brazília",
  "IO": "Brit Indiai Oceán",
  "VG": "Brit Virgin-szigetek",
  "BN": "Brunei",
  "BG": "Bulgária",
  "BF": "Burkina Faso",
  "BI": "Burundi",
  "CL": "Chile",
  "CY": "Ciprus",
  "KM": "Comore-szigetek",
  "CK": "Cook-szigetek",
  "CR": "Costa Rica",
  "CZ": "Csehország",
  "TD": "Csád",
  "DM": "Dominika",
  "DO": "Dominikai Köztársaság",
  "DJ": "Dzsibuti",
  "DK": "Dánia",
  "GS": "Dél Grúzia és a Déli Szendvics-szigetek",
  "ZA": "Dél-Afrika",
  "KR": "Dél-Korea",
  "EC": "Ecuador",
  "GQ": "Egyenlítői-Guinea",
  "AE": "Egyesült Arab Emirátus",
  "GB": "Egyesült Királyság",
  "US": "Egyesült Államok",
  "EG": "Egyiptom",
  "CI": "Elefántcsontpart",
  "ER": "Eritrea",
  "ET": "Etiópia",
  "FK": "Falkland-szigetek",
  "BY": "Fehéroroszország",
  "FO": "Feröer-szigetek",
  "FJ": "Fidzsi",
  "FI": "Finnország",
  "TF": "Francia Déli Területek",
  "GF": "Francia Guyana",
  "PF": "Francia Polinézia",
  "FR": "Franciaország",
  "PH": "Fülöp-szigetek",
  "GA": "Gabon",
  "GM": "Gambia",
  "GH": "Ghána",
  "GI": "Gibraltár",
  "GD": "Grenada",
  "GL": "Grönland",
  "GE": "Grúzia",
  "GP": "Guadeloupe",
  "GU": "Guam",
  "GT": "Guatemala",
  "GG": "Guernsey",
  "GN": "Guinea",
  "GW": "Guinea-Bissau",
  "GY": "Guyana",
  "GR": "Görögország",
  "HT": "Haiti",
  "HM": "Heard és McDonald Szigetek",
  "AN": "Holland Antillák",
  "NL": "Hollandia",
  "HN": "Honduras",
  "HK": "Hongkong S.A.R, Kína",
  "HR": "Horvátország",
  "IN": "India",
  "ID": "Indonézia",
  "IQ": "Irak",
  "IR": "Irán",
  "ZZ": "Ismeretlen vagy érvénytelen körzet",
  "IS": "Izland",
  "IL": "Izrael",
  "JM": "Jamaica",
  "JP": "Japán",
  "YE": "Jemen",
  "JE": "Jersey",
  "JO": "Jordánia",
  "KY": "Kajmán-szigetek",
  "KH": "Kambodzsa",
  "CM": "Kamerun",
  "CA": "Kanada",
  "CX": "Karácsony-szigetek",
  "QA": "Katar",
  "KZ": "Kazahsztán",
  "TL": "Kelet-Timor",
  "KE": "Kenya",
  "KG": "Kirgizisztán",
  "KI": "Kiribati",
  "CO": "Kolumbia",
  "CG": "Kongó",
  "CD": "Kongó - Kinshasa",
  "CU": "Kuba",
  "KW": "Kuvait",
  "CN": "Kína",
  "CC": "Kókusz-szigetek",
  "CF": "Közép-afrikai Köztársaság",
  "LA": "Laosz",
  "PL": "Lengyelország",
  "LS": "Lesotho",
  "LV": "Lettország",
  "LB": "Libanon",
  "LR": "Libéria",
  "LI": "Liechtenstein",
  "LT": "Litvánia",
  "LU": "Luxemburg",
  "LY": "Líbia",
  "MK": "Macedónia",
  "MG": "Madagaszkár",
  "HU": "Magyarország",
  "MO": "Makaó SAR Kína",
  "MY": "Malajzia",
  "MW": "Malawi",
  "MV": "Maldív-szigetek",
  "ML": "Mali",
  "IM": "Man-sziget",
  "MA": "Marokkó",
  "MH": "Marshall-szigetek",
  "MQ": "Martinique",
  "MU": "Mauritius",
  "MR": "Mauritánia",
  "YT": "Mayotte",
  "MX": "Mexikó",
  "MM": "Mianmar",
  "FM": "Mikronézia",
  "MD": "Moldova",
  "MC": "Monaco",
  "MN": "Mongólia",
  "ME": "Montenegró",
  "MS": "Montserrat",
  "MZ": "Mozambik",
  "MT": "Málta",
  "NA": "Namíbia",
  "NR": "Nauru",
  "NP": "Nepál",
  "NI": "Nicaragua",
  "NE": "Niger",
  "NG": "Nigéria",
  "NU": "Niue",
  "NF": "Norfolk-sziget",
  "NO": "Norvégia",
  "EH": "Nyugat-Szahara",
  "DE": "Németország",
  "IT": "Olaszország",
  "OM": "Omán",
  "RU": "Oroszország",
  "PK": "Pakisztán",
  "PW": "Palau",
  "PS": "Palesztin Terület",
  "PA": "Panama",
  "PY": "Paraguay",
  "PE": "Peru",
  "PN": "Pitcairn-sziget",
  "PT": "Portugália",
  "PR": "Puerto Rico",
  "PG": "Pápua Új-Guinea",
  "RE": "Reunion",
  "RO": "Románia",
  "RW": "Ruanda",
  "BL": "Saint Barthélemy",
  "KN": "Saint Kitts és Nevis",
  "MF": "Saint Martin",
  "PM": "Saint Pierre és Miquelon",
  "VC": "Saint Vincent és Grenadines",
  "SB": "Salamon-szigetek",
  "SV": "Salvador",
  "SM": "San Marino",
  "LC": "Santa Lucia",
  "ST": "Sao Tomé és Príncipe",
  "SC": "Seychelle-szigetek",
  "SL": "Sierra Leone",
  "ES": "Spanyolország",
  "LK": "Srí Lanka",
  "SR": "Suriname",
  "SJ": "Svalbard és Jan Mayen",
  "CH": "Svájc",
  "SE": "Svédország",
  "WS": "Szamoa",
  "SA": "Szaúd-Arábia",
  "SN": "Szenegál",
  "SH": "Szent Helena",
  "RS": "Szerbia",
  "CS": "Szerbia és Montenegró",
  "SG": "Szingapúr",
  "SK": "Szlovákia",
  "SI": "Szlovénia",
  "SO": "Szomália",
  "SD": "Szudán",
  "SZ": "Szváziföld",
  "SY": "Szíria",
  "TJ": "Tadzsikisztán",
  "TW": "Tajvan",
  "TZ": "Tanzánia",
  "TH": "Thaiföld",
  "TG": "Togo",
  "TK": "Tokelau",
  "TO": "Tonga",
  "TT": "Trinidad és Tobago",
  "TN": "Tunézia",
  "TC": "Turks- és Caicos-szigetek",
  "TV": "Tuvalu",
  "TR": "Törökország",
  "TM": "Türkmenisztán",
  "UG": "Uganda",
  "UA": "Ukrajna",
  "UY": "Uruguay",
  "VU": "Vanuatu",
  "VA": "Vatikán",
  "VE": "Venezuela",
  "VN": "Vietnam",
  "WF": "Wallis és Futuna",
  "ZM": "Zambia",
  "ZW": "Zimbabwe",
  "CV": "Zöld-foki Köztársaság",
  "KP": "Észak-Korea",
  "MP": "Északi Mariana-szigetek",
  "EE": "Észtország",
  "IE": "Írország",
  "AM": "Örményország",
  "NC": "Új-Kaledónia",
  "NZ": "Új-Zéland",
  "UZ": "Üzbegisztán"
}