{
  "IS": "アイスランド",
  "IE": "アイルランド",
  "AZ": "アゼルバイジャン",
  "AF": "アフガニスタン",
  "US": "アメリカ合衆国",
  "VI": "アメリカ領ヴァージン諸島",
  "AE": "アラブ首長国連邦",
  "DZ": "アルジェリア",
  "AR": "アルゼンチン",
  "AL": "アルバニア",
  "AW": "アルバ島",
  "AM": "アルメニア",
  "AI": "アンギラ",
  "AO": "アンゴラ",
  "AG": "アンティグア・バーブーダ",
  "AD": "アンドラ",
  "YE": "イエメン",
  "GB": "イギリス",
  "VG": "イギリス領ヴァージン諸島",
  "IL": "イスラエル",
  "IT": "イタリア",
  "IQ": "イラク",
  "IR": "イラン",
  "IN": "インド",
  "ID": "インドネシア",
  "WF": "ウォリス・フツナ",
  "UG": "ウガンダ",
  "UA": "ウクライナ",
  "UZ": "ウズベキスタン",
  "UY": "ウルグアイ",
  "EC": "エクアドル",
  "EG": "エジプト",
  "EE": "エストニア",
  "ET": "エチオピア",
  "ER": "エリトリア",
  "SV": "エルサルバドル",
  "OM": "オマーン",
  "NL": "オランダ",
  "AN": "オランダ領アンティル諸島",
  "AU": "オーストラリア",
  "AT": "オーストリア",
  "AX": "オーランド諸島",
  "KZ": "カザフスタン",
  "QA": "カタール",
  "CA": "カナダ",
  "CM": "カメルーン",
  "KH": "カンボジア",
  "CV": "カーボベルデ",
  "GY": "ガイアナ",
  "GA": "ガボン",
  "GM": "ガンビア",
  "GH": "ガーナ",
  "GG": "ガーンジー",
  "CY": "キプロス",
  "CU": "キューバ",
  "KI": "キリバス",
  "KG": "キルギスタン",
  "GN": "ギニア",
  "GW": "ギニアビサウ",
  "GR": "ギリシャ",
  "KW": "クウェート",
  "CK": "クック諸島",
  "CX": "クリスマス島",
  "HR": "クロアチア",
  "GT": "グアテマラ",
  "GP": "グアドループ",
  "GU": "グアム",
  "GL": "グリーンランド",
  "GE": "グルジア",
  "GD": "グレナダ",
  "KY": "ケイマン諸島",
  "KE": "ケニア",
  "CC": "ココス (キーリング) 諸島",
  "CR": "コスタリカ",
  "KM": "コモロ",
  "CO": "コロンビア",
  "CG": "コンゴ共和国 (ブラザビル)",
  "CD": "コンゴ民主共和国 (キンシャサ)",
  "CI": "コートジボワール",
  "SA": "サウジアラビア",
  "WS": "サモア",
  "ST": "サントメ・プリンシペ",
  "PM": "サンピエール島・ミクロン島",
  "SM": "サンマリノ",
  "BL": "サン・バルテルミー",
  "ZM": "ザンビア",
  "SL": "シエラレオネ",
  "SY": "シリア",
  "SG": "シンガポール",
  "DJ": "ジブチ",
  "GI": "ジブラルタル",
  "JM": "ジャマイカ",
  "JE": "ジャージー",
  "ZW": "ジンバブエ",
  "CH": "スイス",
  "SE": "スウェーデン",
  "SJ": "スバールバル諸島・ヤンマイエン島",
  "ES": "スペイン",
  "SR": "スリナム",
  "LK": "スリランカ",
  "SK": "スロバキア",
  "SI": "スロベニア",
  "SZ": "スワジランド",
  "SD": "スーダン",
  "SN": "セネガル",
  "RS": "セルビア",
  "CS": "セルビア・モンテネグロ",
  "KN": "セントクリストファー・ネイビス",
  "VC": "セントビンセント・グレナディーン諸島",
  "SH": "セントヘレナ",
  "LC": "セントルシア",
  "MF": "セント・マーチン",
  "SC": "セーシェル",
  "SO": "ソマリア",
  "SB": "ソロモン諸島",
  "TH": "タイ",
  "TJ": "タジキスタン",
  "TZ": "タンザニア",
  "TC": "タークス諸島・カイコス諸島",
  "CZ": "チェコ共和国",
  "TD": "チャド",
  "TN": "チュニジア",
  "CL": "チリ",
  "TV": "ツバル",
  "DK": "デンマーク",
  "TK": "トケラウ諸島",
  "TT": "トリニダード・トバゴ",
  "TM": "トルクメニスタン",
  "TR": "トルコ",
  "TO": "トンガ",
  "TG": "トーゴ",
  "DE": "ドイツ",
  "DO": "ドミニカ共和国",
  "DM": "ドミニカ国",
  "NG": "ナイジェリア",
  "NR": "ナウル",
  "NA": "ナミビア",
  "NU": "ニウエ島",
  "NI": "ニカラグア",
  "NE": "ニジェール",
  "NC": "ニューカレドニア",
  "NZ": "ニュージーランド",
  "NP": "ネパール",
  "NO": "ノルウェー",
  "NF": "ノーフォーク島",
  "HT": "ハイチ",
  "HU": "ハンガリー",
  "HM": "ハード島・マクドナルド諸島",
  "VA": "バチカン市国",
  "VU": "バヌアツ",
  "BS": "バハマ",
  "BM": "バミューダ",
  "BB": "バルバドス",
  "BD": "バングラデシュ",
  "BH": "バーレーン",
  "PK": "パキスタン",
  "PA": "パナマ",
  "PG": "パプアニューギニア",
  "PW": "パラオ",
  "PY": "パラグアイ",
  "PS": "パレスチナ領土",
  "PN": "ピトケアン島",
  "FJ": "フィジー",
  "PH": "フィリピン",
  "FI": "フィンランド",
  "FO": "フェロー諸島",
  "FK": "フォークランド諸島",
  "FR": "フランス",
  "TF": "フランス領極南諸島",
  "BR": "ブラジル",
  "BG": "ブルガリア",
  "BF": "ブルキナファソ",
  "BN": "ブルネイ",
  "BI": "ブルンジ",
  "BT": "ブータン",
  "BV": "ブーベ島",
  "PR": "プエルトリコ",
  "VN": "ベトナム",
  "BJ": "ベニン",
  "VE": "ベネズエラ",
  "BY": "ベラルーシ",
  "BZ": "ベリーズ",
  "BE": "ベルギー",
  "PE": "ペルー",
  "HN": "ホンジュラス",
  "BA": "ボスニア・ヘルツェゴビナ",
  "BW": "ボツワナ",
  "BO": "ボリビア",
  "PT": "ポルトガル",
  "PL": "ポーランド",
  "MK": "マケドニア",
  "MG": "マダガスカル",
  "YT": "マヨット島",
  "MW": "マラウィ",
  "ML": "マリ",
  "MT": "マルタ",
  "MQ": "マルティニーク島",
  "MY": "マレーシア",
  "IM": "マン島",
  "MH": "マーシャル諸島共和国",
  "FM": "ミクロネシア",
  "MM": "ミャンマー",
  "MX": "メキシコ",
  "MZ": "モザンビーク",
  "MC": "モナコ",
  "MV": "モルジブ",
  "MD": "モルドバ",
  "MA": "モロッコ",
  "MN": "モンゴル",
  "ME": "モンテネグロ",
  "MS": "モントセラト島",
  "MU": "モーリシャス",
  "MR": "モーリタニア",
  "JO": "ヨルダン",
  "LA": "ラオス",
  "LV": "ラトビア",
  "LT": "リトアニア",
  "LI": "リヒテンシュタイン",
  "LY": "リビア",
  "LR": "リベリア",
  "LU": "ルクセンブルグ",
  "RW": "ルワンダ",
  "RO": "ルーマニア",
  "LS": "レソト",
  "LB": "レバノン",
  "RE": "レユニオン島",
  "RU": "ロシア",
  "ZZ": "不明な地域",
  "CN": "中国",
  "CF": "中央アフリカ共和国",
  "MO": "中華人民共和国マカオ特別行政区",
  "HK": "中華人民共和国香港特別行政区",
  "GF": "仏領ギアナ",
  "PF": "仏領ポリネシア",
  "MP": "北マリアナ諸島",
  "ZA": "南アフリカ",
  "GS": "南ジョージア島・南サンドイッチ諸島",
  "AQ": "南極大陸",
  "TW": "台湾",
  "KR": "大韓民国",
  "JP": "日本",
  "KP": "朝鮮民主主義人民共和国",
  "TL": "東ティモール",
  "AS": "米領サモア",
  "UM": "米領太平洋諸島",
  "IO": "英領インド洋植民地",
  "EH": "西サハラ",
  "GQ": "赤道ギニア"
}