{
  "AF": "Afganistan",
  "AL": "Albania",
  "DZ": "Algieria",
  "AD": "Andora",
  "AO": "Angola",
  "AI": "Anguilla",
  "AQ": "Antarktyka",
  "AG": "Antigua i Barbuda",
  "AN": "Antyle Holenderskie",
  "SA": "Arabia Saudyjska",
  "AR": "Argentyna",
  "AM": "Armenia",
  "AW": "Aruba",
  "AU": "Australia",
  "AT": "Austria",
  "AZ": "Azerbejdżan",
  "BS": "Bahamy",
  "BH": "Bahrajn",
  "BD": "Bangladesz",
  "BB": "Barbados",
  "BE": "Belgia",
  "BZ": "Belize",
  "BJ": "Benin",
  "BM": "Bermudy",
  "BT": "Bhutan",
  "BY": "Białoruś",
  "MM": "Birma",
  "BO": "Boliwia",
  "BW": "Botswana",
  "BA": "Bośnia i Hercegowina",
  "BR": "Brazylia",
  "BN": "Brunei Darussalam",
  "VG": "Brytyjskie Wyspy Dziewicze",
  "BF": "Burkina Faso",
  "BI": "Burundi",
  "BG": "Bułgaria",
  "CL": "Chile",
  "CN": "Chiny",
  "HR": "Chorwacja",
  "CY": "Cypr",
  "TD": "Czad",
  "ME": "Czarnogóra",
  "CZ": "Czechy",
  "UM": "Dalekie Wyspy Mniejsze Stanów Zjednoczonych",
  "DK": "Dania",
  "CD": "Demokratyczna Republika Konga",
  "DM": "Dominika",
  "DJ": "Dżibuti",
  "EG": "Egipt",
  "EC": "Ekwador",
  "ER": "Erytrea",
  "EE": "Estonia",
  "ET": "Etiopia",
  "FK": "Falklandy",
  "FM": "Federalne Stany Mikronezji",
  "FJ": "Fidżi",
  "PH": "Filipiny",
  "FI": "Finlandia",
  "FR": "Francja",
  "TF": "Francuskie Terytoria Południowe",
  "GA": "Gabon",
  "GM": "Gambia",
  "GS": "Georgia Południowa i Sandwich Południowy",
  "GH": "Ghana",
  "GI": "Gibraltar",
  "GR": "Grecja",
  "GD": "Grenada",
  "GL": "Grenlandia",
  "GE": "Gruzja",
  "GU": "Guam",
  "GY": "Gujana",
  "GF": "Gujana Francuska",
  "GP": "Gwadelupa",
  "GT": "Gwatemala",
  "GN": "Gwinea",
  "GW": "Gwinea Bissau",
  "GQ": "Gwinea Równikowa",
  "HT": "Haiti",
  "ES": "Hiszpania",
  "NL": "Holandia",
  "HN": "Honduras",
  "HK": "Hongkong, Specjalny Region Administracyjny Chin",
  "IN": "Indie",
  "ID": "Indonezja",
  "IQ": "Irak",
  "IR": "Iran",
  "IE": "Irlandia",
  "IS": "Islandia",
  "IL": "Izrael",
  "JM": "Jamajka",
  "JP": "Japonia",
  "YE": "Jemen",
  "JO": "Jordania",
  "KY": "Kajmany",
  "KH": "Kambodża",
  "CM": "Kamerun",
  "CA": "Kanada",
  "QA": "Katar",
  "KZ": "Kazachstan",
  "KE": "Kenia",
  "KG": "Kirgistan",
  "KI": "Kiribati",
  "CO": "Kolumbia",
  "KM": "Komory",
  "CG": "Kongo",
  "KR": "Korea Południowa",
  "KP": "Korea Północna",
  "CR": "Kostaryka",
  "CU": "Kuba",
  "KW": "Kuwejt",
  "LA": "Laos",
  "LS": "Lesotho",
  "LB": "Liban",
  "LR": "Liberia",
  "LY": "Libia",
  "LI": "Liechtenstein",
  "LT": "Litwa",
  "LU": "Luksemburg",
  "MK": "Macedonia",
  "MG": "Madagaskar",
  "YT": "Majotta",
  "MO": "Makau, Specjalny Region Administracyjny Chin",
  "MW": "Malawi",
  "MV": "Malediwy",
  "MY": "Malezja",
  "ML": "Mali",
  "MT": "Malta",
  "MP": "Mariany Północne",
  "MA": "Maroko",
  "MQ": "Martynika",
  "MR": "Mauretania",
  "MU": "Mauritius",
  "MX": "Meksyk",
  "MC": "Monako",
  "MN": "Mongolia",
  "MS": "Montserrat",
  "MZ": "Mozambik",
  "MD": "Mołdawia",
  "NA": "Namibia",
  "NR": "Nauru",
  "NP": "Nepal",
  "DE": "Niemcy",
  "ZZ": "Nieznany lub nieprawidłowy region",
  "NE": "Niger",
  "NG": "Nigeria",
  "NI": "Nikaragua",
  "NU": "Niue",
  "NF": "Norfolk",
  "NO": "Norwegia",
  "NC": "Nowa Kaledonia",
  "NZ": "Nowa Zelandia",
  "OM": "Oman",
  "PK": "Pakistan",
  "PW": "Palau",
  "PA": "Panama",
  "PG": "Papua Nowa Gwinea",
  "PY": "Paragwaj",
  "PE": "Peru",
  "PN": "Pitcairn",
  "PF": "Polinezja Francuska",
  "PL": "Polska",
  "PR": "Portoryko",
  "PT": "Portugalia",
  "DO": "Republika Dominikańska",
  "ZA": "Republika Południowej Afryki",
  "CV": "Republika Zielonego Przylądka",
  "CF": "Republika Środkowoafrykańska",
  "RE": "Reunion",
  "RU": "Rosja",
  "RO": "Rumunia",
  "RW": "Rwanda",
  "EH": "Sahara Zachodnia",
  "BL": "Saint Barthélemy",
  "KN": "Saint Kitts i Nevis",
  "LC": "Saint Lucia",
  "VC": "Saint Vincent i Grenadyny",
  "PM": "Saint-Pierre i Miquelon",
  "SV": "Salwador",
  "WS": "Samoa",
  "AS": "Samoa Amerykańskie",
  "SM": "San Marino",
  "SN": "Senegal",
  "RS": "Serbia",
  "CS": "Serbia i Czarnogóra",
  "SC": "Seszele",
  "SL": "Sierra Leone",
  "SG": "Singapur",
  "MF": "Sint Maarten",
  "SO": "Somalia",
  "LK": "Sri Lanka",
  "US": "Stany Zjednoczone",
  "SZ": "Suazi",
  "SD": "Sudan",
  "SR": "Surinam",
  "SJ": "Svalbard i Jan Mayen",
  "SY": "Syria",
  "CH": "Szwajcaria",
  "SE": "Szwecja",
  "SK": "Słowacja",
  "SI": "Słowenia",
  "TJ": "Tadżykistan",
  "TH": "Tajlandia",
  "TW": "Tajwan",
  "TZ": "Tanzania",
  "PS": "Terytoria Palestyńskie",
  "IO": "Terytorium Brytyjskie Oceanu Indyjskiego",
  "TL": "Timor Wschodni",
  "TG": "Togo",
  "TK": "Tokelau",
  "TO": "Tonga",
  "TT": "Trynidad i Tobago",
  "TN": "Tunezja",
  "TR": "Turcja",
  "TM": "Turkmenistan",
  "TC": "Turks i Caicos",
  "TV": "Tuvalu",
  "UG": "Uganda",
  "UA": "Ukraina",
  "UY": "Urugwaj",
  "UZ": "Uzbekistan",
  "VU": "Vanuatu",
  "WF": "Wallis i Futuna",
  "VA": "Watykan",
  "VE": "Wenezuela",
  "GB": "Wielka Brytania",
  "VN": "Wietnam",
  "CI": "Wybrzeże Kości Słoniowej",
  "BV": "Wyspa Bouveta",
  "CX": "Wyspa Bożego Narodzenia",
  "GG": "Wyspa Guernsey",
  "JE": "Wyspa Jersey",
  "IM": "Wyspa Man",
  "SH": "Wyspa Świętej Heleny",
  "AX": "Wyspy Alandzkie",
  "CK": "Wyspy Cooka",
  "VI": "Wyspy Dziewicze Stanów Zjednoczonych",
  "HM": "Wyspy Heard i McDonalda",
  "CC": "Wyspy Kokosowe",
  "MH": "Wyspy Marshalla",
  "FO": "Wyspy Owcze",
  "SB": "Wyspy Salomona",
  "ST": "Wyspy Świętego Tomasza i Książęca",
  "HU": "Węgry",
  "IT": "Włochy",
  "ZM": "Zambia",
  "ZW": "Zimbabwe",
  "AE": "Zjednoczone Emiraty Arabskie",
  "LV": "Łotwa"
}