{
  "VI": "ABD Virgin Adaları",
  "AF": "Afganistan",
  "AX": "Aland Adaları",
  "DE": "Almanya",
  "US": "Amerika Birleşik Devletleri",
  "UM": "Amerika Birleşik Devletleri Küçük Dış Adaları",
  "AS": "Amerikan Samoası",
  "AD": "Andorra",
  "AO": "Angola",
  "AI": "Anguilla",
  "AQ": "Antarktika",
  "AG": "Antigua ve Barbuda",
  "AR": "Arjantin",
  "AL": "Arnavutluk",
  "AW": "Aruba",
  "AU": "Avustralya",
  "AT": "Avusturya",
  "AZ": "Azerbaycan",
  "BS": "Bahamalar",
  "BH": "Bahreyn",
  "BD": "Bangladeş",
  "BB": "Barbados",
  "EH": "Batı Sahara",
  "BZ": "Belize",
  "BE": "Belçika",
  "BJ": "Benin",
  "BM": "Bermuda",
  "BY": "Beyaz Rusya",
  "BT": "Bhutan",
  "ZZ": "Bilinmeyen veya Geçersiz Bölge",
  "AE": "Birleşik Arap Emirlikleri",
  "GB": "Birleşik Krallık",
  "BO": "Bolivya",
  "BA": "Bosna Hersek",
  "BW": "Botsvana",
  "BV": "Bouvet Adası",
  "BR": "Brezilya",
  "BN": "Brunei",
  "BG": "Bulgaristan",
  "BF": "Burkina Faso",
  "BI": "Burundi",
  "CV": "Cape Verde",
  "KY": "Cayman Adaları",
  "GI": "Cebelitarık",
  "DZ": "Cezayir",
  "CX": "Christmas Adası",
  "DJ": "Cibuti",
  "CC": "Cocos Adaları",
  "CK": "Cook Adaları",
  "DK": "Danimarka",
  "DO": "Dominik Cumhuriyeti",
  "DM": "Dominika",
  "TL": "Doğu Timor",
  "EC": "Ekvador",
  "GQ": "Ekvator Ginesi",
  "SV": "El Salvador",
  "ID": "Endonezya",
  "ER": "Eritre",
  "AM": "Ermenistan",
  "EE": "Estonya",
  "ET": "Etiyopya",
  "FK": "Falkland Adaları",
  "FO": "Faroe Adaları",
  "MA": "Fas",
  "FJ": "Fiji",
  "CI": "Fildişi Sahili",
  "PH": "Filipinler",
  "PS": "Filistin Bölgesi",
  "FI": "Finlandiya",
  "FR": "Fransa",
  "GF": "Fransız Guyanası",
  "TF": "Fransız Güney Bölgeleri",
  "PF": "Fransız Polinezyası",
  "GA": "Gabon",
  "GM": "Gambiya",
  "GH": "Gana",
  "GN": "Gine",
  "GW": "Gine-Bissau",
  "GD": "Grenada",
  "GL": "Grönland",
  "GP": "Guadeloupe",
  "GU": "Guam",
  "GT": "Guatemala",
  "GG": "Guernsey",
  "GY": "Guyana",
  "ZA": "Güney Afrika",
  "GS": "Güney Georgia ve Güney Sandwich Adaları",
  "KR": "Güney Kore",
  "CY": "Güney Kıbrıs Rum Kesimi",
  "GE": "Gürcistan",
  "HT": "Haiti",
  "HM": "Heard Adası ve McDonald Adaları",
  "IN": "Hindistan",
  "IO": "Hint Okyanusu İngiliz Bölgesi",
  "NL": "Hollanda",
  "AN": "Hollanda Antilleri",
  "HN": "Honduras",
  "HK": "Hong Kong SAR - Çin",
  "HR": "Hırvatistan",
  "IQ": "Irak",
  "JM": "Jamaika",
  "JP": "Japonya",
  "JE": "Jersey",
  "KH": "Kamboçya",
  "CM": "Kamerun",
  "CA": "Kanada",
  "ME": "Karadağ",
  "QA": "Katar",
  "KZ": "Kazakistan",
  "KE": "Kenya",
  "KI": "Kiribati",
  "CO": "Kolombiya",
  "KM": "Komorlar",
  "CG": "Kongo - Brazavil",
  "CD": "Kongo - Kinşasa",
  "CR": "Kosta Rika",
  "KW": "Kuveyt",
  "KP": "Kuzey Kore",
  "MP": "Kuzey Mariana Adaları",
  "CU": "Küba",
  "KG": "Kırgızistan",
  "LA": "Laos",
  "LS": "Lesotho",
  "LV": "Letonya",
  "LR": "Liberya",
  "LY": "Libya",
  "LI": "Liechtenstein",
  "LT": "Litvanya",
  "LB": "Lübnan",
  "LU": "Lüksemburg",
  "HU": "Macaristan",
  "MG": "Madagaskar",
  "MO": "Makao S.A.R. Çin",
  "MK": "Makedonya",
  "MW": "Malavi",
  "MV": "Maldivler",
  "MY": "Malezya",
  "ML": "Mali",
  "MT": "Malta",
  "IM": "Man Adası",
  "MH": "Marshall Adaları",
  "MQ": "Martinik",
  "MU": "Mauritius",
  "YT": "Mayotte",
  "MX": "Meksika",
  "FM": "Mikronezya Federal Eyaletleri",
  "MD": "Moldova",
  "MC": "Monako",
  "MS": "Montserrat",
  "MR": "Moritanya",
  "MZ": "Mozambik",
  "MN": "Moğolistan",
  "MM": "Myanmar",
  "EG": "Mısır",
  "NA": "Namibya",
  "NR": "Nauru",
  "NP": "Nepal",
  "NE": "Nijer",
  "NG": "Nijerya",
  "NI": "Nikaragua",
  "NU": "Niue",
  "NF": "Norfolk Adası",
  "NO": "Norveç",
  "CF": "Orta Afrika Cumhuriyeti",
  "PK": "Pakistan",
  "PW": "Palau",
  "PA": "Panama",
  "PG": "Papua Yeni Gine",
  "PY": "Paraguay",
  "PE": "Peru",
  "PN": "Pitcairn",
  "PL": "Polonya",
  "PT": "Portekiz",
  "PR": "Porto Riko",
  "RE": "Reunion",
  "RO": "Romanya",
  "RW": "Ruanda",
  "RU": "Rusya Federasyonu",
  "BL": "Saint Barthelemy",
  "SH": "Saint Helena",
  "KN": "Saint Kitts ve Nevis",
  "LC": "Saint Lucia",
  "MF": "Saint Martin",
  "PM": "Saint Pierre ve Miquelon",
  "VC": "Saint Vincent ve Grenadinler",
  "WS": "Samoa",
  "SM": "San Marino",
  "ST": "Sao Tome ve Principe",
  "SN": "Senegal",
  "SC": "Seyşel Adaları",
  "SL": "Sierra Leone",
  "SG": "Singapur",
  "SK": "Slovakya",
  "SI": "Slovenya",
  "SB": "Solomon Adaları",
  "SO": "Somali",
  "LK": "Sri Lanka",
  "SD": "Sudan",
  "SR": "Surinam",
  "SY": "Suriye",
  "SA": "Suudi Arabistan",
  "SJ": "Svalbard ve Jan Mayen",
  "SZ": "Svaziland",
  "RS": "Sırbistan",
  "CS": "Sırbistan-Karadağ",
  "TJ": "Tacikistan",
  "TZ": "Tanzanya",
  "TH": "Tayland",
  "TW": "Tayvan",
  "TG": "Togo",
  "TK": "Tokelau",
  "TO": "Tonga",
  "TT": "Trinidad ve Tobago",
  "TN": "Tunus",
  "TC": "Turks ve Caicos Adaları",
  "TV": "Tuvalu",
  "TR": "Türkiye",
  "TM": "Türkmenistan",
  "UG": "Uganda",
  "UA": "Ukrayna",
  "OM": "Umman",
  "UY": "Uruguay",
  "VU": "Vanuatu",
  "VA": "Vatikan",
  "VE": "Venezuela",
  "VN": "Vietnam",
  "WF": "Wallis ve Futuna",
  "YE": "Yemen",
  "NC": "Yeni Kaledonya",
  "NZ": "Yeni Zelanda",
  "GR": "Yunanistan",
  "ZM": "Zambiya",
  "ZW": "Zimbabve",
  "TD": "Çad",
  "CZ": "Çek Cumhuriyeti",
  "CN": "Çin",
  "UZ": "Özbekistan",
  "JO": "Ürdün",
  "VG": "İngiliz Virgin Adaları",
  "IR": "İran",
  "IE": "İrlanda",
  "ES": "İspanya",
  "IL": "İsrail",
  "SE": "İsveç",
  "CH": "İsviçre",
  "IT": "İtalya",
  "IS": "İzlanda",
  "CL": "Şili"
}