{
  "AU": "Австралия",
  "AT": "Австрия",
  "AZ": "Азербайджан",
  "AX": "Аландски о-ви",
  "AL": "Албания",
  "DZ": "Алжир",
  "AS": "Американско Самоа",
  "AO": "Ангола",
  "AI": "Ангуила",
  "AD": "Андора",
  "AQ": "Антарктика",
  "AG": "Антигуа и Барбуда",
  "AR": "Аржентина",
  "AM": "Армения",
  "AW": "Аруба",
  "AF": "Афганистан",
  "BD": "Бангладеш",
  "BB": "Барбадос",
  "BS": "Бахами",
  "BH": "Бахрейн",
  "BY": "Беларус",
  "BE": "Белгия",
  "BZ": "Белиз",
  "BJ": "Бенин",
  "BM": "Бермуда",
  "BO": "Боливия",
  "BA": "Босна и Херцеговина",
  "BW": "Ботсуана",
  "BR": "Бразилия",
  "VG": "Британски Вирджински острони",
  "IO": "Британски територии в Индийския океан",
  "BN": "Бруней Дарусалам",
  "CI": "Бряг на слоновата кост",
  "BF": "Буркина Фасо",
  "BI": "Бурунди",
  "BT": "Бутан",
  "BG": "България",
  "VU": "Вануату",
  "VE": "Венецуела",
  "VN": "Виетнам",
  "GA": "Габон",
  "GM": "Гамбия",
  "GH": "Гана",
  "GP": "Гваделупа",
  "GT": "Гватемала",
  "GY": "Гвиана",
  "GN": "Гвинея",
  "GW": "Гвинея-Бисау",
  "DE": "Германия",
  "GI": "Гибралтар",
  "GD": "Гренада",
  "GL": "Гренландия",
  "GE": "Грузия",
  "GU": "Гуам",
  "GR": "Гърция",
  "DK": "Дания",
  "CD": "Демократична република Конго",
  "DJ": "Джибути",
  "DM": "Доминика",
  "DO": "Доминиканска република",
  "EG": "Египет",
  "EC": "Еквадор",
  "GQ": "Екваториална Гвинея",
  "SV": "Ел Салвадор",
  "ER": "Еритрея",
  "EE": "Естония",
  "ET": "Етиопия",
  "ZM": "Замбия",
  "EH": "Западна Сахара",
  "ZW": "Зимбабве",
  "IL": "Израел",
  "TL": "Източен Тимор",
  "IN": "Индия",
  "ID": "Индонезия",
  "IQ": "Ирак",
  "IR": "Иран, Ислямска република",
  "IE": "Ирландия",
  "IS": "Исландия",
  "ES": "Испания",
  "IT": "Италия",
  "YE": "Йемен",
  "JO": "Йордания",
  "CV": "Кабо Верде",
  "KZ": "Казахстан",
  "KY": "Кайманови острови",
  "KH": "Камбоджа",
  "CM": "Камерун",
  "CA": "Канада",
  "QA": "Катар",
  "KE": "Кения",
  "CY": "Кипър",
  "KG": "Киргизстан",
  "KI": "Кирибати",
  "CN": "Китай",
  "CC": "Кокосови (Кийлинг) острови",
  "CO": "Колумбия",
  "KM": "Комори",
  "CG": "Конго",
  "KP": "Корея, Северна",
  "KR": "Корея, Южна",
  "CR": "Коста Рика",
  "CU": "Куба",
  "KW": "Кувейт",
  "LV": "Латвия",
  "LS": "Лесото",
  "LR": "Либерия",
  "LY": "Либийска арабска джамахирия",
  "LB": "Ливан",
  "LT": "Литва",
  "LI": "Лихтенщайн",
  "LU": "Люксембург",
  "MR": "Мавритания",
  "MU": "Мавриций",
  "MG": "Мадагаскар",
  "MO": "Макао О.А.Р. на Китай",
  "MK": "Македония, Република",
  "MW": "Малави",
  "MY": "Малайзия",
  "MV": "Малдиви",
  "ML": "Мали",
  "MT": "Малта",
  "MA": "Мароко",
  "MQ": "Мартиника",
  "MH": "Маршалови острови",
  "YT": "Мейот",
  "MX": "Мексико",
  "MM": "Мианмар",
  "FM": "Микронезия, Обединени Щати",
  "MZ": "Мозамбик",
  "MD": "Молдова, Република",
  "MC": "Монако",
  "MN": "Монголия",
  "MS": "Монсерат",
  "NA": "Намибия",
  "LA": "Народна демократична република Лаос",
  "NR": "Науру",
  "NP": "Непал",
  "ZZ": "Непозната или несъществуваща област",
  "NE": "Нигер",
  "NG": "Нигерия",
  "NI": "Никарагуа",
  "NU": "Ниуе",
  "NZ": "Нова Зеландия",
  "NC": "Нова Каледония",
  "NO": "Норвегия",
  "AE": "Обединени арабски емирства",
  "GB": "Обединено кралство",
  "OM": "Оман",
  "BV": "Остров Буве",
  "CX": "Остров Кристмас",
  "NF": "Остров Норфолк",
  "HM": "Остров Хърд и Острови Макдоналд",
  "CK": "Острови Кук",
  "IM": "Острови Ман",
  "TC": "Острови Туркс и Кайкос",
  "PK": "Пакистан",
  "PW": "Палау",
  "PS": "Палестински територии",
  "PA": "Панама",
  "PG": "Папуа Нова Гвинея",
  "PY": "Парагвай",
  "PE": "Перу",
  "PN": "Питкайрн",
  "PL": "Полша",
  "PT": "Португалия",
  "PR": "Пуерто Рико",
  "RE": "Реюниън",
  "RW": "Руанда",
  "RO": "Румъния",
  "RU": "Руска федерация",
  "US": "САЩ",
  "UM": "САЩ - външни острови",
  "VI": "САЩ, Вирджински острови",
  "WS": "Самоа",
  "SM": "Сан Марино",
  "ST": "Сао Томе и Принципе",
  "SA": "Саудитска Арабия",
  "SJ": "Свалбард и Ян Майен",
  "SH": "Света Елена",
  "VA": "Свещено море (Ватиканска държава)",
  "MP": "Северни Мариански Острови",
  "BL": "Сейнт Бартоломей",
  "VC": "Сейнт Винсънт и Гренадини",
  "KN": "Сейнт Китс и Невис",
  "LC": "Сейнт Лусия",
  "MF": "Сейнт Мартин",
  "SC": "Сейшели",
  "PM": "Сен Пиер и Мигелон",
  "SN": "Сенегал",
  "SL": "Сиера Леоне",
  "SG": "Сингапур",
  "SY": "Сирийска арабска република",
  "SK": "Словакия",
  "SI": "Словения",
  "SB": "Соломонови острови",
  "SO": "Сомалия",
  "SZ": "Суазиленд",
  "SD": "Судан",
  "SR": "Суринам",
  "RS": "Сърбия",
  "CS": "Сърбия и Черна гора",
  "TJ": "Таджикистан",
  "TW": "Тайван",
  "TH": "Тайланд",
  "TZ": "Танзания",
  "TG": "Того",
  "TK": "Токелау",
  "TO": "Тонга",
  "TT": "Тринидад и Тобаго",
  "TV": "Тувалу",
  "TN": "Тунис",
  "TM": "Туркменистан",
  "TR": "Турция",
  "UG": "Уганда",
  "UZ": "Узбекистан",
  "UA": "Украйна",
  "HU": "Унгария",
  "WF": "Уолис и Футуна",
  "UY": "Уругвай",
  "FO": "Фарьорски острови",
  "FJ": "Фиджи",
  "PH": "Филипини",
  "FI": "Финландия",
  "FK": "Фолклендски острови",
  "FR": "Франция",
  "GF": "Френска Гвиана",
  "PF": "Френска Полинезия",
  "TF": "Френски южни територии",
  "HT": "Хаити",
  "NL": "Холандия",
  "AN": "Холандски Антили",
  "HK": "Хонг-Конг О.А.Р. на Китай",
  "HN": "Хондурас",
  "HR": "Хърватска",
  "CF": "Централноафриканска Република",
  "TD": "Чад",
  "ME": "Черна гора",
  "CZ": "Чешка република",
  "CL": "Чили",
  "CH": "Швейцария",
  "SE": "Швеция",
  "LK": "Шри Ланка",
  "ZA": "Южна Африка",
  "GS": "Южна Джорджия и Южни Сандвичеви Острови",
  "JM": "Ямайка",
  "JP": "Япония",
  "GG": "о. Гърнзи",
  "JE": "о. Джързи"
}