{
  "AF": "Afghánistán",
  "AX": "Alandy",
  "AL": "Albánie",
  "DZ": "Alžírsko",
  "AS": "Americká Samoa",
  "VI": "Americké Panenské ostrovy",
  "AD": "Andorra",
  "AO": "Angola",
  "AI": "Anguila",
  "AQ": "Antarktida",
  "AG": "Antigua a Barbuda",
  "AR": "Argentina",
  "AM": "Arménie",
  "AW": "Aruba",
  "AU": "Austrálie",
  "BS": "Bahamy",
  "BH": "Bahrajn",
  "BD": "Bangladéš",
  "BB": "Barbados",
  "BE": "Belgie",
  "BZ": "Belize",
  "BJ": "Benin",
  "BM": "Bermudy",
  "BT": "Bhútán",
  "BO": "Bolívie",
  "BA": "Bosna a Hercegovina",
  "BW": "Botswana",
  "BR": "Brazílie",
  "VG": "Britské Panenské ostrovy",
  "IO": "Britské území v Indickém oceánu",
  "BN": "Brunej Darussalam",
  "BG": "Bulharsko",
  "BF": "Burkina Faso",
  "BI": "Burundi",
  "BY": "Bělorusko",
  "CL": "Chile",
  "HR": "Chorvatsko",
  "CK": "Cookovy ostrovy",
  "CD": "Demokratická republika Kongo",
  "DM": "Dominika",
  "DO": "Dominikánská republika",
  "DK": "Dánsko",
  "DJ": "Džibuti",
  "EG": "Egypt",
  "EC": "Ekvádor",
  "SV": "El Salvador",
  "ER": "Eritrea",
  "EE": "Estonsko",
  "ET": "Etiopie",
  "FO": "Faerské ostrovy",
  "FK": "Falklandské ostrovy",
  "FJ": "Fidži",
  "PH": "Filipíny",
  "FI": "Finsko",
  "FR": "Francie",
  "GF": "Francouzská Guyana",
  "PF": "Francouzská Polynésie",
  "TF": "Francouzská jižní teritoria",
  "GA": "Gabon",
  "GM": "Gambie",
  "GH": "Ghana",
  "GI": "Gibraltar",
  "GD": "Grenada",
  "GE": "Gruzie",
  "GL": "Grónsko",
  "GP": "Guadeloupe",
  "GU": "Guam",
  "GT": "Guatemala",
  "GG": "Guernsey",
  "GN": "Guinea",
  "GW": "Guinea-Bissau",
  "GY": "Guyana",
  "HT": "Haiti",
  "HN": "Honduras",
  "HK": "Hongkong, zvláštní administrativní oblast Číny",
  "IN": "Indie",
  "ID": "Indonésie",
  "IE": "Irsko",
  "IQ": "Irák",
  "IS": "Island",
  "IT": "Itálie",
  "IL": "Izrael",
  "JM": "Jamajka",
  "JP": "Japonsko",
  "YE": "Jemen",
  "JE": "Jersey",
  "ZA": "Jihoafrická republika",
  "GS": "Jižní Georgie a Jižní Sandwichovy ostrovy",
  "KR": "Jižní Korea",
  "JO": "Jordánsko",
  "KY": "Kajmanské ostrovy",
  "KH": "Kambodža",
  "CM": "Kamerun",
  "CA": "Kanada",
  "CV": "Kapverdy",
  "QA": "Katar",
  "KZ": "Kazachstán",
  "KE": "Keňa",
  "KI": "Kiribati",
  "CC": "Kokosové ostrovy",
  "CO": "Kolumbie",
  "KM": "Komory",
  "CG": "Kongo",
  "CR": "Kostarika",
  "CU": "Kuba",
  "KW": "Kuvajt",
  "CY": "Kypr",
  "KG": "Kyrgyzstán",
  "LS": "Lesotho",
  "LB": "Libanon",
  "LY": "Libye",
  "LR": "Libérie",
  "LI": "Lichtenštejnsko",
  "LA": "Lidově demokratická republika Laos",
  "LT": "Litva",
  "LV": "Lotyšsko",
  "LU": "Lucembursko",
  "MK": "Macedonia",
  "MG": "Madagaskar",
  "MV": "Maladivy",
  "MY": "Malajsie",
  "MW": "Malawi",
  "ML": "Mali",
  "MT": "Malta",
  "MA": "Maroko",
  "MH": "Marshallovy ostrovy",
  "MQ": "Martinik",
  "MU": "Mauricius",
  "MR": "Mauritánie",
  "YT": "Mayotte",
  "HU": "Maďarsko",
  "UM": "Menší odlehlé ostrovy USA",
  "MX": "Mexiko",
  "FM": "Mikronézie",
  "MD": "Moldavsko, republika",
  "MC": "Monako",
  "MN": "Mongolsko",
  "MS": "Montserrat",
  "MZ": "Mosambik",
  "MM": "Myanmar",
  "NA": "Namibie",
  "NR": "Nauru",
  "NP": "Nepál",
  "ZZ": "Neznámá nebo neplatná oblast",
  "NE": "Niger",
  "NG": "Nigérie",
  "NI": "Nikaragua",
  "NU": "Niue",
  "NL": "Nizozemsko",
  "AN": "Nizozemské Antily",
  "NF": "Norfolk",
  "NO": "Norsko",
  "NC": "Nová Kaledonie",
  "NZ": "Nový Zéland",
  "DE": "Německo",
  "OM": "Omán",
  "BV": "Ostrov Bouvet",
  "IM": "Ostrov Man",
  "TC": "Ostrovy Caicos a Turks",
  "HM": "Ostrovy Heard a McDonald",
  "PW": "Palau",
  "PS": "Palestinian Territory",
  "PA": "Panama",
  "PG": "Papua-Nová Guinea",
  "PY": "Paraguay",
  "PE": "Peru",
  "PN": "Pitcairn",
  "CI": "Pobřeží slonoviny",
  "PL": "Polsko",
  "PR": "Portoriko",
  "PT": "Portugalsko",
  "PK": "Pákistán",
  "AT": "Rakousko",
  "GQ": "Rovníková Guinea",
  "RO": "Rumunsko",
  "RU": "Rusko",
  "RW": "Rwanda",
  "RE": "Réunion",
  "WS": "Samoa",
  "SM": "San Marino",
  "SA": "Saúdská Arábie",
  "SN": "Senegal",
  "KP": "Severní Korea",
  "MP": "Severní Mariany",
  "SC": "Seychely",
  "SL": "Sierra Leone",
  "SG": "Singapur",
  "SK": "Slovensko",
  "SI": "Slovinsko",
  "SO": "Somálsko",
  "AE": "Spojené arabské emiráty",
  "US": "Spojené státy",
  "RS": "Srbsko",
  "CS": "Srbsko a Černá Hora",
  "LK": "Srí Lanka",
  "CF": "Středoafrická republika",
  "SR": "Surinam",
  "SJ": "Svalbard a Jan Mayen",
  "SH": "Svatá Helena",
  "LC": "Svatá Lucie",
  "BL": "Svatý Bartoloměj",
  "KN": "Svatý Kitts a Nevis",
  "MF": "Svatý Martin",
  "PM": "Svatý Pierre a Miquelon",
  "ST": "Svatý Tomáš",
  "VC": "Svatý Vincent a Grenadiny",
  "VA": "Svatý stolec",
  "SZ": "Svazijsko",
  "SD": "Súdán",
  "SY": "Sýrie",
  "TZ": "Tanzanie",
  "TW": "Tchaj-wan",
  "TH": "Thajsko",
  "TG": "Togo",
  "TK": "Tokelau",
  "TO": "Tonga",
  "TT": "Trinidad a Tobago",
  "TN": "Tunisko",
  "TR": "Turecko",
  "TM": "Turkmenistán",
  "TV": "Tuvalu",
  "TJ": "Tádžikistán",
  "UG": "Uganda",
  "UA": "Ukrajina",
  "UY": "Uruguay",
  "UZ": "Uzbekistán",
  "VU": "Vanuatu",
  "GB": "Velká Británie",
  "VE": "Venezuela",
  "VN": "Vietnam",
  "CX": "Vánoční ostrovy",
  "TL": "Východní Timor",
  "WF": "Wallis a Futuna",
  "ZM": "Zambie",
  "ZW": "Zimbabwe",
  "MO": "Zvláštní administrativní oblast Číny Macao",
  "EH": "Západní Sahara",
  "AZ": "Ázerbájdžán",
  "IR": "Írán",
  "TD": "Čad",
  "ME": "Černá Hora",
  "CZ": "Česká republika",
  "CN": "Čína",
  "GR": "Řecko",
  "SB": "Šalamounovy ostrovy",
  "ES": "Španělsko",
  "SE": "Švédsko",
  "CH": "Švýcarsko"
}