{
  "AF": "Afganistan",
  "CF": "Afrika Erdiko Errepublika",
  "AX": "Aland Uharteak",
  "AL": "Albania",
  "DE": "Alemania",
  "DZ": "Aljeria",
  "AS": "Amerikar Samoa",
  "US": "Ameriketako Estatu Batuak",
  "AO": "Angola",
  "AQ": "Antartika",
  "AG": "Antigua eta Barbuda",
  "AE": "Arabiar Emirrerri Batuak",
  "AR": "Argentina",
  "AM": "Armenia",
  "AU": "Australia",
  "AT": "Austria",
  "AZ": "Azerbaijan",
  "BS": "Bahamak",
  "BD": "Bangladesh",
  "BE": "Belgika",
  "BJ": "Benin",
  "BT": "Bhutan",
  "BY": "Bielorrusia",
  "VI": "Birjina uharte amerikarrak",
  "VG": "Birjina uharte britainiarrak",
  "MM": "Birmania",
  "CI": "Boli Kosta",
  "BO": "Bolibia",
  "BA": "Bosnia-Herzegovina",
  "BW": "Botswana",
  "BV": "Bouvet Uhartea",
  "BR": "Brasil",
  "BG": "Bulgaria",
  "BF": "Burkina Faso",
  "BI": "Burundi",
  "CV": "Cabo Verde",
  "CX": "Christmas uhartea",
  "CC": "Cocos uharteak",
  "CK": "Cook uharteak",
  "DK": "Danimarka",
  "DJ": "Djibuti",
  "DM": "Dominika",
  "DO": "Dominikar Errepublika",
  "EG": "Egipto",
  "TL": "Ekialdeko Timor",
  "EC": "Ekuador",
  "GQ": "Ekuatore Ginea",
  "ER": "Eritrea",
  "GB": "Erresuma Batua",
  "RO": "Errumania",
  "RU": "Errusia",
  "SK": "Eslovakia",
  "SI": "Eslovenia",
  "ES": "Espainia",
  "UM": "Estatu Batuetatik urruti dauden uharte txikiak",
  "EE": "Estonia",
  "ET": "Etiopia",
  "FO": "Faroe Uharteak",
  "PH": "Filipinak",
  "FI": "Finlandia",
  "FR": "Frantzia",
  "TF": "Frantziaren Lurralde Australak",
  "GA": "Gabon",
  "GM": "Gambia",
  "GE": "Georgia",
  "GH": "Ghana",
  "GN": "Ginea",
  "GW": "Ginea-Bissau",
  "GR": "Grezia",
  "GL": "Groenlandia",
  "GG": "Guernsey",
  "GF": "Guyana Frantsesa",
  "HT": "Haiti",
  "HM": "Heard eta McDonald Uharteak",
  "KR": "Hego Korea",
  "ZA": "Hegoafrika",
  "GS": "Hegoaldeko Georgia eta Hegoaldeko Sandwich uharteak",
  "NL": "Herbehereak",
  "AN": "Holandarren Antillak",
  "HN": "Honduras",
  "HU": "Hungaria",
  "IN": "India",
  "IO": "Indiako Ozeanoko Britainiar Lurraldea",
  "ID": "Indonesia",
  "KP": "Ipar Korea",
  "MP": "Iparraldeko Mariana uharteak",
  "IQ": "Irak",
  "IR": "Iran",
  "IE": "Irlanda",
  "IS": "Islandia",
  "IL": "Israel",
  "IT": "Italia",
  "JM": "Jamaika",
  "JP": "Japonia",
  "JE": "Jersey",
  "JO": "Jordania",
  "KY": "Kaiman Uharteak",
  "NC": "Kaledonia Berria",
  "CM": "Kamerun",
  "CA": "Kanada",
  "KH": "Kanbodia",
  "QA": "Katar",
  "KZ": "Kazakhstan",
  "KE": "Kenia",
  "KG": "Kirgizistan",
  "KI": "Kiribati",
  "CO": "Kolonbia",
  "KM": "Komoreak",
  "CG": "Kongo",
  "CD": "Kongoko Errepublika Demokratikoa",
  "HR": "Kroazia",
  "CU": "Kuba",
  "LA": "Laos",
  "LS": "Lesotho",
  "LV": "Letonia",
  "LB": "Libano",
  "LR": "Liberia",
  "LY": "Libia",
  "LI": "Liechtenstein",
  "LT": "Lituania",
  "LU": "Luxenburgo",
  "MG": "Madagaskar",
  "MO": "Makau",
  "MY": "Malasia",
  "MW": "Malawi",
  "MV": "Maldivak",
  "ML": "Mali",
  "FK": "Malvinak",
  "IM": "Man uhartea",
  "MA": "Maroko",
  "MH": "Marshall uharteak",
  "MR": "Mauritania",
  "MU": "Maurizio",
  "MK": "Mazedonia",
  "EH": "Mendebaldeko Sahara",
  "MX": "Mexiko",
  "FM": "Mikronesia",
  "MD": "Moldavia",
  "MC": "Monako",
  "MN": "Mongolia",
  "ME": "Montenegro",
  "MZ": "Mozambike",
  "NA": "Namibia",
  "NP": "Nepal",
  "NE": "Niger",
  "NG": "Nigeria",
  "NI": "Nikaragua",
  "NF": "Norfolk uhartea",
  "NO": "Norvegia",
  "OM": "Oman",
  "PK": "Pakistan",
  "PS": "Palestina",
  "PG": "Papua Ginea Berria",
  "PY": "Paraguai",
  "PE": "Peru",
  "PF": "Polinesia Frantsesa",
  "PL": "Polonia",
  "PT": "Portugal",
  "RW": "Ruanda",
  "SH": "Saint Helena",
  "KN": "Saint Kitts eta Nevis",
  "VC": "Saint Vincent eta Grenadinak",
  "PM": "Saint-Pierre eta Mikelune",
  "SB": "Salomon uharteak",
  "WS": "Samoa",
  "SM": "San Marino",
  "LC": "Santa Luzia",
  "ST": "Sao Tomé eta Principe",
  "SA": "Saudi Arabia",
  "SN": "Senegal",
  "RS": "Serbia",
  "CS": "Serbia eta Montenegro",
  "SC": "Seychelleak",
  "SL": "Sierra Leona",
  "SG": "Singapur",
  "SY": "Siria",
  "SO": "Somalia",
  "LK": "Sri Lanka",
  "SD": "Sudan",
  "SE": "Suedia",
  "CH": "Suitza",
  "SR": "Surinam",
  "SJ": "Svalbard eta Jan Mayen uharteak",
  "SZ": "Swazilandia",
  "TJ": "Tadjikistan",
  "TH": "Tailandia",
  "TW": "Taiwan",
  "TZ": "Tanzania",
  "TG": "Togo",
  "TK": "Tokelau",
  "TO": "Tonga",
  "TT": "Trinidad eta Tobago",
  "TN": "Tunisia",
  "TC": "Turk eta Caico uharteak",
  "TR": "Turkia",
  "TM": "Turkmenistan",
  "TV": "Tuvalu",
  "TD": "Txad",
  "CZ": "Txekiar errepublika",
  "CL": "Txile",
  "CN": "Txina",
  "UG": "Uganda",
  "UA": "Ukraina",
  "UY": "Uruguai",
  "UZ": "Uzbekistan",
  "VU": "Vanuatu",
  "VA": "Vatikano",
  "VE": "Venezuela",
  "VN": "Vietnam",
  "WF": "Wallis eta Futuna",
  "YE": "Yemen",
  "ZM": "Zambia",
  "NZ": "Zeelanda Berria",
  "ZW": "Zimbabwe",
  "CY": "Zipre"
}