{
  "AW": "آروبا",
  "AR": "آرژانتین",
  "AL": "آلبانی",
  "DE": "آلمان",
  "AN": "آنتیل هلند",
  "AG": "آنتیگوا و باربودا",
  "AD": "آندورا",
  "AO": "آنگولا",
  "AI": "آنگیل",
  "AT": "اتریش",
  "ET": "اتیوپی",
  "JO": "اردن",
  "AM": "ارمنستان",
  "ER": "اریتره",
  "UZ": "ازبکستان",
  "AU": "استرالیا",
  "EE": "استونی",
  "IL": "اسرائیل",
  "SK": "اسلواکی",
  "SI": "اسلوونی",
  "SJ": "اسوالبارد و جان ماین",
  "ES": "اسپانیا",
  "ZA": "افریقای جنوبی",
  "AF": "افغانستان",
  "DZ": "الجزایر",
  "SV": "السالوادور",
  "AE": "امارات متحدهٔ عربی",
  "ID": "اندونزی",
  "UY": "اوروگوئه",
  "UA": "اوکراین",
  "UG": "اوگاندا",
  "EC": "اکوادر",
  "US": "ایالات متحدهٔ امریکا",
  "IT": "ایتالیا",
  "IR": "ایران",
  "IE": "ایرلند",
  "IS": "ایسلند",
  "BB": "باربادوس",
  "BS": "باهاما",
  "BH": "بحرین",
  "BR": "برزیل",
  "BM": "برمودا",
  "BN": "برونئی",
  "GB": "بریتانیا",
  "BG": "بلغارستان",
  "BE": "بلژیک",
  "BZ": "بلیز",
  "BD": "بنگلادش",
  "BJ": "بنین",
  "BT": "بوتان",
  "BW": "بوتسوانا",
  "BI": "بوروندی",
  "BF": "بورکینافاسو",
  "BA": "بوسنی و هرزگوین",
  "BO": "بولیوی",
  "BY": "بیلوروسی",
  "TJ": "تاجیکستان",
  "TZ": "تانزانیا",
  "TH": "تایلند",
  "TW": "تایوان",
  "TM": "ترکمنستان",
  "TR": "ترکیه",
  "TT": "ترینیداد و توباگو",
  "TN": "تونس",
  "TO": "تونگا",
  "TV": "تووالو",
  "TK": "توکلائو",
  "TG": "توگو",
  "TL": "تیمور شرقی",
  "JM": "جامائیکا",
  "GI": "جبل‌الطارق",
  "JE": "جرسی",
  "AX": "جزایر آلاند",
  "TC": "جزایر ترک و کایکوس",
  "SB": "جزایر سلیمان",
  "FO": "جزایر فارو",
  "FK": "جزایر فالکلند",
  "MH": "جزایر مارشال",
  "MP": "جزایر ماریانای شمالی",
  "VI": "جزایر ویرجین ایالات متحده",
  "VG": "جزایر ویرجین بریتانیا",
  "UM": "جزایر کوچک دورافتادهٔ ایالات متحده",
  "CK": "جزایر کوک",
  "CC": "جزایر کوکوس",
  "KY": "جزایر کِیمن",
  "BV": "جزیرهٔ بووت",
  "IM": "جزیرهٔ مان",
  "NF": "جزیرهٔ نورفولک",
  "HM": "جزیرهٔ هرد و جزایر مک‌دونالد",
  "CX": "جزیرهٔ کریسمس",
  "AZ": "جمهوری آذربایجان",
  "CF": "جمهوری افریقای مرکزی",
  "DO": "جمهوری دومینیکن",
  "CZ": "جمهوری چک",
  "AQ": "جنوبگان",
  "GS": "جورجیای جنوبی و جزایر ساندویچ جنوبی",
  "DJ": "جیبوتی",
  "DK": "دانمارک",
  "DM": "دومینیک",
  "RW": "رواندا",
  "RU": "روسیه",
  "RO": "رومانی",
  "RE": "ریونیون",
  "ZM": "زامبیا",
  "NZ": "زلاند نو",
  "ZW": "زیمبابوه",
  "ST": "سائو تومه و پرینسیپه",
  "CI": "ساحل عاج",
  "WS": "ساموا",
  "AS": "ساموای امریکا",
  "SM": "سان مارینو",
  "LK": "سری‌لانکا",
  "BL": "سنت بارتلیمی",
  "LC": "سنت لوسیا",
  "MF": "سنت مارتین",
  "SH": "سنت هلن",
  "VC": "سنت وینسنت و گرنادین",
  "PM": "سنت پیر و میکلون",
  "KN": "سنت کیتس و نویس",
  "SN": "سنگال",
  "SG": "سنگاپور",
  "SE": "سوئد",
  "CH": "سوئیس",
  "SZ": "سوازیلند",
  "SD": "سودان",
  "SR": "سورینام",
  "SY": "سوریه",
  "SO": "سومالی",
  "SL": "سیرالئون",
  "SC": "سیشل",
  "CL": "شیلی",
  "EH": "صحرای غربی",
  "RS": "صربستان",
  "CS": "صربستان و مونته‌نگرو",
  "IQ": "عراق",
  "SA": "عربستان سعودی",
  "OM": "عمان",
  "GH": "غنا",
  "FR": "فرانسه",
  "PS": "فلسطین",
  "FI": "فنلاند",
  "FJ": "فیجی",
  "PH": "فیلیپین",
  "CY": "قبرس",
  "KG": "قرقیزستان",
  "KZ": "قزاقستان",
  "QA": "قطر",
  "LA": "لائوس",
  "LB": "لبنان",
  "LV": "لتونی",
  "LS": "لسوتو",
  "PL": "لهستان",
  "LU": "لوکزامبورگ",
  "LR": "لیبریا",
  "LY": "لیبی",
  "LT": "لیتوانی",
  "LI": "لیختن‌اشتاین",
  "MG": "ماداگاسکار",
  "MQ": "مارتینیک",
  "MW": "مالاوی",
  "MT": "مالت",
  "MV": "مالدیو",
  "MY": "مالزی",
  "ML": "مالی",
  "MO": "ماکائو، ناحیهٔ ویژهٔ حکومتی چین",
  "YT": "مایوت",
  "HU": "مجارستان",
  "MA": "مراکش",
  "IO": "مستعمره‌های بریتانیا در اقیانوس هند",
  "TF": "مستعمره‌های جنوبی فرانسه",
  "EG": "مصر",
  "MN": "مغولستان",
  "MK": "مقدونیه",
  "MR": "موریتانی",
  "MU": "موریس",
  "MZ": "موزامبیک",
  "MD": "مولداوی",
  "MC": "موناکو",
  "ME": "مونته‌نگرو",
  "MS": "مونت‌سرات",
  "MX": "مکزیک",
  "MM": "میانمار",
  "FM": "میکرونزی",
  "NR": "نائورو",
  "ZZ": "ناحیهٔ نامشخص یا نامعتبر",
  "NA": "نامیبیا",
  "NO": "نروژ",
  "NP": "نپال",
  "NE": "نیجر",
  "NG": "نیجریه",
  "NU": "نیوئه",
  "NI": "نیکاراگوئه",
  "HT": "هاییتی",
  "NL": "هلند",
  "IN": "هند",
  "HN": "هندوراس",
  "HK": "هنگ‌کنگ، ناحیهٔ ویژهٔ حکومتی چین",
  "VA": "واتیکان",
  "WF": "والیس و فیوتونا",
  "VU": "وانواتو",
  "VE": "ونزوئلا",
  "VN": "ویتنام",
  "PY": "پاراگوئه",
  "PW": "پالائو",
  "PA": "پاناما",
  "PG": "پاپوا گینهٔ نو",
  "PK": "پاکستان",
  "PT": "پرتغال",
  "PE": "پرو",
  "PF": "پلی‌نزی فرانسه",
  "PR": "پورتو ریکو",
  "PN": "پیتکایرن",
  "TD": "چاد",
  "CN": "چین",
  "JP": "ژاپن",
  "CR": "کاستاریکا",
  "NC": "کالدونیای جدید",
  "KH": "کامبوج",
  "CM": "کامرون",
  "CA": "کانادا",
  "KR": "کرهٔ جنوبی",
  "KP": "کرهٔ شمالی",
  "HR": "کرواسی",
  "CO": "کلمبیا",
  "CG": "کنگو برازویل",
  "CD": "کنگو کینشاسا",
  "KE": "کنیا",
  "CU": "کوبا",
  "KM": "کومورو",
  "KW": "کویت",
  "KI": "کیریباتی",
  "CV": "کیپ ورد",
  "GA": "گابون",
  "GM": "گامبیا",
  "GD": "گرانادا",
  "GE": "گرجستان",
  "GG": "گرنزی",
  "GL": "گروئنلند",
  "GT": "گواتمالا",
  "GP": "گوادلوپ",
  "GU": "گوام",
  "GY": "گویان",
  "GF": "گویان فرانسه",
  "GN": "گینه",
  "GQ": "گینهٔ استوایی",
  "GW": "گینهٔ بیسائو",
  "YE": "یمن",
  "GR": "یونان"
}