{
  "AF": "Afghanistan",
  "ZA": "Afrique du Sud",
  "AL": "Albanie",
  "DZ": "Algérie",
  "DE": "Allemagne",
  "AD": "Andorre",
  "AO": "Angola",
  "AI": "Anguilla",
  "AQ": "Antarctique",
  "AG": "Antigua-et-Barbuda",
  "AN": "Antilles néerlandaises",
  "SA": "Arabie saoudite",
  "AR": "Argentine",
  "AM": "Arménie",
  "AW": "Aruba",
  "AU": "Australie",
  "AT": "Autriche",
  "AZ": "Azerbaïdjan",
  "BS": "Bahamas",
  "BH": "Bahreïn",
  "BD": "Bangladesh",
  "BB": "Barbade",
  "BE": "Belgique",
  "BZ": "Belize",
  "BM": "Bermudes",
  "BT": "Bhoutan",
  "BO": "Bolivie",
  "BA": "Bosnie-Herzégovine",
  "BW": "Botswana",
  "BN": "Brunéi Darussalam",
  "BR": "Brésil",
  "BG": "Bulgarie",
  "BF": "Burkina Faso",
  "BI": "Burundi",
  "BY": "Bélarus",
  "BJ": "Bénin",
  "KH": "Cambodge",
  "CM": "Cameroun",
  "CA": "Canada",
  "CV": "Cap-Vert",
  "CL": "Chili",
  "CN": "Chine",
  "CY": "Chypre",
  "CO": "Colombie",
  "KM": "Comores",
  "CG": "Congo",
  "KP": "Corée du Nord",
  "KR": "Corée du Sud",
  "CR": "Costa Rica",
  "HR": "Croatie",
  "CU": "Cuba",
  "CI": "Côte d’Ivoire",
  "DK": "Danemark",
  "DJ": "Djibouti",
  "DM": "Dominique",
  "SV": "El Salvador",
  "ES": "Espagne",
  "EE": "Estonie",
  "FJ": "Fidji",
  "FI": "Finlande",
  "FR": "France",
  "GA": "Gabon",
  "GM": "Gambie",
  "GH": "Ghana",
  "GI": "Gibraltar",
  "GD": "Grenade",
  "GL": "Groenland",
  "GR": "Grèce",
  "GP": "Guadeloupe",
  "GU": "Guam",
  "GT": "Guatemala",
  "GG": "Guernesey",
  "GN": "Guinée",
  "GQ": "Guinée équatoriale",
  "GW": "Guinée-Bissau",
  "GY": "Guyana",
  "GF": "Guyane française",
  "GE": "Géorgie",
  "GS": "Géorgie du Sud et les îles Sandwich du Sud",
  "HT": "Haïti",
  "HN": "Honduras",
  "HU": "Hongrie",
  "IN": "Inde",
  "ID": "Indonésie",
  "IQ": "Irak",
  "IR": "Iran",
  "IE": "Irlande",
  "IS": "Islande",
  "IL": "Israël",
  "IT": "Italie",
  "JM": "Jamaïque",
  "JP": "Japon",
  "JE": "Jersey",
  "JO": "Jordanie",
  "KZ": "Kazakhstan",
  "KE": "Kenya",
  "KG": "Kirghizistan",
  "KI": "Kiribati",
  "KW": "Koweït",
  "LA": "Laos",
  "LS": "Lesotho",
  "LV": "Lettonie",
  "LB": "Liban",
  "LY": "Libye",
  "LR": "Libéria",
  "LI": "Liechtenstein",
  "LT": "Lituanie",
  "LU": "Luxembourg",
  "MK": "Macédoine",
  "MG": "Madagascar",
  "MY": "Malaisie",
  "MW": "Malawi",
  "MV": "Maldives",
  "ML": "Mali",
  "MT": "Malte",
  "MA": "Maroc",
  "MQ": "Martinique",
  "MU": "Maurice",
  "MR": "Mauritanie",
  "YT": "Mayotte",
  "MX": "Mexique",
  "MD": "Moldavie",
  "MC": "Monaco",
  "MN": "Mongolie",
  "MS": "Montserrat",
  "ME": "Monténégro",
  "MZ": "Mozambique",
  "MM": "Myanmar",
  "NA": "Namibie",
  "NR": "Nauru",
  "NI": "Nicaragua",
  "NE": "Niger",
  "NG": "Nigéria",
  "NU": "Niue",
  "NO": "Norvège",
  "NC": "Nouvelle-Calédonie",
  "NZ": "Nouvelle-Zélande",
  "NP": "Népal",
  "OM": "Oman",
  "UG": "Ouganda",
  "UZ": "Ouzbékistan",
  "PK": "Pakistan",
  "PW": "Palaos",
  "PA": "Panama",
  "PG": "Papouasie-Nouvelle-Guinée",
  "PY": "Paraguay",
  "NL": "Pays-Bas",
  "PH": "Philippines",
  "PN": "Pitcairn",
  "PL": "Pologne",
  "PF": "Polynésie française",
  "PR": "Porto Rico",
  "PT": "Portugal",
  "PE": "Pérou",
  "QA": "Qatar",
  "HK": "R.A.S. chinoise de Hong Kong",
  "MO": "R.A.S. chinoise de Macao",
  "RO": "Roumanie",
  "GB": "Royaume-Uni",
  "RU": "Russie",
  "RW": "Rwanda",
  "CF": "République centrafricaine",
  "DO": "République dominicaine",
  "CD": "République démocratique du Congo",
  "CZ": "République tchèque",
  "RE": "Réunion",
  "EH": "Sahara occidental",
  "BL": "Saint-Barthélémy",
  "KN": "Saint-Kitts-et-Nevis",
  "SM": "Saint-Marin",
  "MF": "Saint-Martin",
  "PM": "Saint-Pierre-et-Miquelon",
  "VC": "Saint-Vincent-et-les Grenadines",
  "SH": "Sainte-Hélène",
  "LC": "Sainte-Lucie",
  "WS": "Samoa",
  "AS": "Samoa américaines",
  "ST": "Sao Tomé-et-Principe",
  "RS": "Serbie",
  "CS": "Serbie-et-Monténégro",
  "SC": "Seychelles",
  "SL": "Sierra Leone",
  "SG": "Singapour",
  "SK": "Slovaquie",
  "SI": "Slovénie",
  "SO": "Somalie",
  "SD": "Soudan",
  "LK": "Sri Lanka",
  "CH": "Suisse",
  "SR": "Suriname",
  "SE": "Suède",
  "SJ": "Svalbard et Île Jan Mayen",
  "SZ": "Swaziland",
  "SY": "Syrie",
  "SN": "Sénégal",
  "TJ": "Tadjikistan",
  "TZ": "Tanzanie",
  "TW": "Taïwan",
  "TD": "Tchad",
  "TF": "Terres australes françaises",
  "IO": "Territoire britannique de l'océan Indien",
  "PS": "Territoire palestinien",
  "TH": "Thaïlande",
  "TL": "Timor oriental",
  "TG": "Togo",
  "TK": "Tokelau",
  "TO": "Tonga",
  "TT": "Trinité-et-Tobago",
  "TN": "Tunisie",
  "TM": "Turkménistan",
  "TR": "Turquie",
  "TV": "Tuvalu",
  "UA": "Ukraine",
  "UY": "Uruguay",
  "VU": "Vanuatu",
  "VE": "Venezuela",
  "VN": "Viêt Nam",
  "WF": "Wallis-et-Futuna",
  "YE": "Yémen",
  "ZM": "Zambie",
  "ZW": "Zimbabwe",
  "ZZ": "région indéterminée",
  "EG": "Égypte",
  "AE": "Émirats arabes unis",
  "EC": "Équateur",
  "ER": "Érythrée",
  "VA": "État de la Cité du Vatican",
  "FM": "États fédérés de Micronésie",
  "US": "États-Unis",
  "ET": "Éthiopie",
  "BV": "Île Bouvet",
  "CX": "Île Christmas",
  "NF": "Île Norfolk",
  "IM": "Île de Man",
  "KY": "Îles Caïmans",
  "CC": "Îles Cocos - Keeling",
  "CK": "Îles Cook",
  "FO": "Îles Féroé",
  "HM": "Îles Heard et MacDonald",
  "FK": "Îles Malouines",
  "MP": "Îles Mariannes du Nord",
  "MH": "Îles Marshall",
  "UM": "Îles Mineures Éloignées des États-Unis",
  "SB": "Îles Salomon",
  "TC": "Îles Turks et Caïques",
  "VG": "Îles Vierges britanniques",
  "VI": "Îles Vierges des États-Unis",
  "AX": "Îles Åland"
}