{
  "AF": "Afeganistão",
  "AL": "Albânia",
  "DE": "Alemanha",
  "AD": "Andorra",
  "AO": "Angola",
  "AI": "Anguilla",
  "AN": "Antilhas Holandesas",
  "AQ": "Antártida",
  "AG": "Antígua e Barbuda",
  "AR": "Argentina",
  "DZ": "Argélia",
  "AM": "Armênia",
  "AW": "Aruba",
  "SA": "Arábia Saudita",
  "AU": "Austrália",
  "AZ": "Azerbaijão",
  "BS": "Bahamas",
  "BH": "Bahrain",
  "BD": "Bangladesh",
  "BB": "Barbados",
  "BY": "Belarus",
  "BZ": "Belize",
  "BJ": "Benin",
  "BM": "Bermudas",
  "BO": "Bolívia",
  "BW": "Botsuana",
  "BR": "Brasil",
  "BN": "Brunei",
  "BG": "Bulgária",
  "BF": "Burquina Faso",
  "BI": "Burundi",
  "BT": "Butão",
  "BE": "Bélgica",
  "BA": "Bósnia-Herzegovina",
  "CV": "Cabo Verde",
  "KH": "Camboja",
  "CA": "Canadá",
  "KZ": "Casaquistão",
  "QA": "Catar",
  "TD": "Chade",
  "CL": "Chile",
  "CN": "China",
  "CY": "Chipre",
  "SG": "Cingapura",
  "CO": "Colômbia",
  "KM": "Comores",
  "CG": "Congo",
  "CD": "Congo-Kinshasa",
  "KP": "Coreia do Norte",
  "KR": "Coreia do Sul",
  "CR": "Costa Rica",
  "CI": "Costa do Marfim",
  "HR": "Croácia",
  "CU": "Cuba",
  "DK": "Dinamarca",
  "DJ": "Djibuti",
  "DM": "Dominica",
  "EG": "Egito",
  "SV": "El Salvador",
  "AE": "Emirados Árabes Unidos",
  "EC": "Equador",
  "ER": "Eritreia",
  "SK": "Eslováquia",
  "SI": "Eslovênia",
  "ES": "Espanha",
  "US": "Estados Unidos",
  "EE": "Estônia",
  "ET": "Etiópia",
  "FJ": "Fiji",
  "PH": "Filipinas",
  "FI": "Finlândia",
  "FR": "França",
  "GA": "Gabão",
  "GH": "Gana",
  "GE": "Geórgia",
  "GS": "Geórgia do Sul e Ilhas Sandwich do Sul",
  "GI": "Gibraltar",
  "GD": "Granada",
  "GL": "Groênlandia",
  "GR": "Grécia",
  "GP": "Guadalupe",
  "GU": "Guam",
  "GT": "Guatemala",
  "GG": "Guernsey",
  "GY": "Guiana",
  "GF": "Guiana Francesa",
  "GN": "Guiné",
  "GW": "Guiné Bissau",
  "GQ": "Guiné Equatorial",
  "GM": "Gâmbia",
  "HT": "Haiti",
  "NL": "Holanda",
  "HN": "Honduras",
  "HK": "Hong Kong, Região Admin. Especial da China",
  "HU": "Hungria",
  "BV": "Ilha Bouvet",
  "HM": "Ilha Heard e Ilhas McDonald",
  "NF": "Ilha Norfolk",
  "IM": "Ilha de Man",
  "AX": "Ilhas Aland",
  "KY": "Ilhas Caiman",
  "CC": "Ilhas Coco",
  "CK": "Ilhas Cook",
  "FO": "Ilhas Faroe",
  "FK": "Ilhas Malvinas",
  "MP": "Ilhas Marianas do Norte",
  "MH": "Ilhas Marshall",
  "UM": "Ilhas Menores Distantes dos Estados Unidos",
  "CX": "Ilhas Natal",
  "SB": "Ilhas Salomão",
  "TC": "Ilhas Turks e Caicos",
  "VG": "Ilhas Virgens Britânicas",
  "VI": "Ilhas Virgens dos EUA",
  "ID": "Indonésia",
  "IQ": "Iraque",
  "IE": "Irlanda",
  "IR": "Irã",
  "IS": "Islândia",
  "IL": "Israel",
  "IT": "Itália",
  "YE": "Iêmen",
  "JM": "Jamaica",
  "JP": "Japão",
  "JE": "Jersey",
  "JO": "Jordânia",
  "KW": "Kuwait",
  "LS": "Lesoto",
  "LV": "Letônia",
  "LR": "Libéria",
  "LI": "Liechtenstein",
  "LT": "Lituânia",
  "LU": "Luxemburgo",
  "LB": "Líbano",
  "LY": "Líbia",
  "MO": "Macau, Região Admin. Especial da China",
  "MK": "Macedônia",
  "MG": "Madagascar",
  "MW": "Malawi",
  "MV": "Maldivas",
  "ML": "Mali",
  "MT": "Malta",
  "MY": "Malásia",
  "MA": "Marrocos",
  "MQ": "Martinica",
  "MR": "Mauritânia",
  "MU": "Maurício",
  "YT": "Mayotte",
  "MM": "Mianmar",
  "FM": "Micronésia",
  "MD": "Moldávia",
  "MN": "Mongólia",
  "ME": "Montenegro",
  "MS": "Montserrat",
  "MZ": "Moçambique",
  "MX": "México",
  "MC": "Mônaco",
  "NA": "Namíbia",
  "NR": "Nauru",
  "NP": "Nepal",
  "NI": "Nicarágua",
  "NG": "Nigéria",
  "NU": "Niue",
  "NO": "Noruega",
  "NC": "Nova Caledônia",
  "NZ": "Nova Zelândia",
  "NE": "Níger",
  "OM": "Omã",
  "PW": "Palau",
  "PA": "Panamá",
  "PG": "Papua-Nova Guiné",
  "PK": "Paquistão",
  "PY": "Paraguai",
  "PE": "Peru",
  "PN": "Pitcairn",
  "PF": "Polinésia Francesa",
  "PL": "Polônia",
  "PR": "Porto Rico",
  "PT": "Portugal",
  "KG": "Quirguistão",
  "KI": "Quiribati",
  "KE": "Quênia",
  "ZZ": "Região desconhecida ou inválida",
  "GB": "Reino Unido",
  "CF": "República Centro-Africana",
  "DO": "República Dominicana",
  "LA": "República Popular Democrática do Laos",
  "CZ": "República Tcheca",
  "CM": "República dos Camarões",
  "RE": "Reunião",
  "RO": "Romênia",
  "RW": "Ruanda",
  "RU": "Rússia",
  "EH": "Saara Ocidental",
  "PM": "Saint Pierre e Miquelon",
  "WS": "Samoa",
  "AS": "Samoa Americana",
  "SM": "San Marino",
  "SH": "Santa Helena",
  "LC": "Santa Lúcia",
  "SN": "Senegal",
  "SL": "Serra Leoa",
  "SC": "Seychelles",
  "SO": "Somália",
  "LK": "Sri Lanka",
  "SZ": "Suazilândia",
  "SD": "Sudão",
  "SR": "Suriname",
  "SE": "Suécia",
  "CH": "Suíça",
  "SJ": "Svalbard e Jan Mayen",
  "BL": "São Bartolomeu",
  "KN": "São Cristovão e Nevis",
  "MF": "São Martinho",
  "ST": "São Tomé e Príncipe",
  "VC": "São Vicente e Granadinas",
  "RS": "Sérvia",
  "CS": "Sérvia e Montenegro",
  "SY": "Síria",
  "TJ": "Tadjiquistão",
  "TH": "Tailândia",
  "TW": "Taiwan",
  "TZ": "Tanzânia",
  "IO": "Território Britânico do Oceano Índico",
  "PS": "Território da Palestina",
  "TF": "Territórios Franceses do Sul",
  "TL": "Timor Leste",
  "TG": "Togo",
  "TK": "Tokelau",
  "TO": "Tonga",
  "TT": "Trinidad e Tobago",
  "TN": "Tunísia",
  "TM": "Turcomenistão",
  "TR": "Turquia",
  "TV": "Tuvalu",
  "UA": "Ucrânia",
  "UG": "Uganda",
  "UY": "Uruguai",
  "UZ": "Uzbequistão",
  "VU": "Vanuatu",
  "VA": "Vaticano",
  "VE": "Venezuela",
  "VN": "Vietnã",
  "WF": "Wallis e Futuna",
  "ZW": "Zimbábue",
  "ZM": "Zâmbia",
  "ZA": "África do Sul",
  "AT": "Áustria",
  "IN": "Índia"
}