{
  "AU": "Австралия",
  "AT": "Австрия",
  "AZ": "Азербайджан",
  "AX": "Аландские острова",
  "AL": "Албания",
  "DZ": "Алжир",
  "VI": "Американские Виргинские острова",
  "AS": "Американское Самоа",
  "AO": "Ангола",
  "AI": "Ангуилла",
  "AD": "Андорра",
  "AQ": "Антарктика",
  "AG": "Антигуа и Барбуда",
  "AR": "Аргентина",
  "AM": "Армения",
  "AW": "Аруба",
  "AF": "Афганистан",
  "BS": "Багамские острова",
  "BD": "Бангладеш",
  "BB": "Барбадос",
  "BH": "Бахрейн",
  "BY": "Беларусь",
  "BZ": "Белиз",
  "BE": "Бельгия",
  "BJ": "Бенин",
  "BM": "Бермудские Острова",
  "BG": "Болгария",
  "BO": "Боливия",
  "BA": "Босния и Герцеговина",
  "BW": "Ботсвана",
  "BR": "Бразилия",
  "IO": "Британская территория в Индийском океане",
  "VG": "Британские Виргинские Острова",
  "BN": "Бруней Даруссалам",
  "BF": "Буркина Фасо",
  "BI": "Бурунди",
  "BT": "Бутан",
  "VU": "Вануату",
  "VA": "Ватикан",
  "GB": "Великобритания",
  "HU": "Венгрия",
  "VE": "Венесуэла",
  "UM": "Внешние малые острова (США)",
  "TL": "Восточный Тимор",
  "VN": "Вьетнам",
  "GA": "Габон",
  "HT": "Гаити",
  "GY": "Гайана",
  "GM": "Гамбия",
  "GH": "Гана",
  "GP": "Гваделупа",
  "GT": "Гватемала",
  "GN": "Гвинея",
  "GW": "Гвинея-Биссау",
  "DE": "Германия",
  "GG": "Гернси",
  "GI": "Гибралтар",
  "HN": "Гондурас",
  "HK": "Гонконг, Особый Административный Район Китая",
  "GD": "Гренада",
  "GL": "Гренландия",
  "GR": "Греция",
  "GE": "Грузия",
  "GU": "Гуам",
  "DK": "Дания",
  "CD": "Демократическая Республика Конго",
  "JE": "Джерси",
  "DJ": "Джибути",
  "DO": "Доминиканская Республика",
  "EG": "Египет",
  "ZM": "Замбия",
  "EH": "Западная Сахара",
  "ZW": "Зимбабве",
  "IL": "Израиль",
  "IN": "Индия",
  "ID": "Индонезия",
  "JO": "Иордания",
  "IQ": "Ирак",
  "IR": "Иран",
  "IE": "Ирландия",
  "IS": "Исландия",
  "ES": "Испания",
  "IT": "Италия",
  "YE": "Йемен",
  "KZ": "Казахстан",
  "KY": "Каймановы острова",
  "KH": "Камбоджа",
  "CM": "Камерун",
  "CA": "Канада",
  "QA": "Катар",
  "KE": "Кения",
  "CY": "Кипр",
  "KI": "Кирибати",
  "CN": "Китай",
  "CC": "Кокосовые острова",
  "CO": "Колумбия",
  "KM": "Коморские Острова",
  "CG": "Конго",
  "KP": "Корейская Народно-Демократическая Республика",
  "CR": "Коста-Рика",
  "CI": "Кот д’Ивуар",
  "CU": "Куба",
  "KW": "Кувейт",
  "KG": "Кыргызстан",
  "LA": "Лаос",
  "LV": "Латвия",
  "LS": "Лесото",
  "LR": "Либерия",
  "LB": "Ливан",
  "LY": "Ливия",
  "LT": "Литва",
  "LI": "Лихтенштейн",
  "LU": "Люксембург",
  "MU": "Маврикий",
  "MR": "Мавритания",
  "MG": "Мадагаскар",
  "YT": "Майотта",
  "MO": "Макао (особый административный район КНР)",
  "MK": "Македония",
  "MW": "Малави",
  "MY": "Малайзия",
  "ML": "Мали",
  "MV": "Мальдивы",
  "MT": "Мальта",
  "MA": "Марокко",
  "MQ": "Мартиник",
  "MH": "Маршалловы Острова",
  "MX": "Мексика",
  "MZ": "Мозамбик",
  "MD": "Молдова",
  "MC": "Монако",
  "MN": "Монголия",
  "MS": "Монсеррат",
  "MM": "Мьянма",
  "NA": "Намибия",
  "NR": "Науру",
  "ZZ": "Неизвестный или недействительный регион",
  "NP": "Непал",
  "NE": "Нигер",
  "NG": "Нигерия",
  "AN": "Нидерландские Антильские острова",
  "NL": "Нидерланды",
  "NI": "Никарагуа",
  "NU": "Ниуе",
  "NZ": "Новая Зеландия",
  "NC": "Новая Каледония",
  "NO": "Норвегия",
  "AE": "Объединенные Арабские Эмираты",
  "OM": "Оман",
  "BV": "Остров Буве",
  "DM": "Остров Доминика",
  "IM": "Остров Мэн",
  "NF": "Остров Норфолк",
  "CX": "Остров Рождества",
  "BL": "Остров Святого Бартоломея",
  "MF": "Остров Святого Мартина",
  "SH": "Остров Святой Елены",
  "CV": "Острова Зеленого Мыса",
  "CK": "Острова Кука",
  "TC": "Острова Тёркс и Кайкос",
  "HM": "Острова Херд и Макдональд",
  "PK": "Пакистан",
  "PW": "Палау",
  "PS": "Палестинская автономия",
  "PA": "Панама",
  "PG": "Папуа-Новая Гвинея",
  "PY": "Парагвай",
  "PE": "Перу",
  "PN": "Питкерн",
  "PL": "Польша",
  "PT": "Португалия",
  "PR": "Пуэрто-Рико",
  "KR": "Республика Корея",
  "RE": "Реюньон",
  "RU": "Россия",
  "RW": "Руанда",
  "RO": "Румыния",
  "US": "США",
  "SV": "Сальвадор",
  "WS": "Самоа",
  "SM": "Сан-Марино",
  "ST": "Сан-Томе и Принсипи",
  "SA": "Саудовская Аравия",
  "SZ": "Свазиленд",
  "SJ": "Свальбард и Ян-Майен",
  "MP": "Северные Марианские Острова",
  "SC": "Сейшельские Острова",
  "PM": "Сен-Пьер и Микелон",
  "SN": "Сенегал",
  "VC": "Сент-Винсент и Гренадины",
  "KN": "Сент-Киттс и Невис",
  "LC": "Сент-Люсия",
  "RS": "Сербия",
  "CS": "Сербия и Черногория",
  "SG": "Сингапур",
  "SY": "Сирийская Арабская Республика",
  "SK": "Словакия",
  "SI": "Словения",
  "SB": "Соломоновы Острова",
  "SO": "Сомали",
  "SD": "Судан",
  "SR": "Суринам",
  "SL": "Сьерра-Леоне",
  "TJ": "Таджикистан",
  "TH": "Таиланд",
  "TW": "Тайвань",
  "TZ": "Танзания",
  "TG": "Того",
  "TK": "Токелау",
  "TO": "Тонга",
  "TT": "Тринидад и Тобаго",
  "TV": "Тувалу",
  "TN": "Тунис",
  "TM": "Туркменистан",
  "TR": "Турция",
  "UG": "Уганда",
  "UZ": "Узбекистан",
  "UA": "Украина",
  "WF": "Уоллис и Футуна",
  "UY": "Уругвай",
  "FO": "Фарерские острова",
  "FM": "Федеративные Штаты Микронезии",
  "FJ": "Фиджи",
  "PH": "Филиппины",
  "FI": "Финляндия",
  "FK": "Фолклендские острова",
  "FR": "Франция",
  "GF": "Французская Гвиана",
  "PF": "Французская Полинезия",
  "TF": "Французские Южные Территории",
  "HR": "Хорватия",
  "CF": "Центрально-Африканская Республика",
  "TD": "Чад",
  "ME": "Черногория",
  "CZ": "Чешская республика",
  "CL": "Чили",
  "CH": "Швейцария",
  "SE": "Швеция",
  "LK": "Шри-Ланка",
  "EC": "Эквадор",
  "GQ": "Экваториальная Гвинея",
  "ER": "Эритрея",
  "EE": "Эстония",
  "ET": "Эфиопия",
  "ZA": "Южная Африка",
  "GS": "Южная Джорджия и Южные Сандвичевы Острова",
  "JM": "Ямайка",
  "JP": "Япония"
}