{
  "BT": "不丹",
  "CN": "中華人民共和國",
  "MO": "中華人民共和國澳門特別行政區",
  "HK": "中華人民共和國香港特別行政區",
  "CF": "中非共和國",
  "DK": "丹麥",
  "AZ": "亞塞拜然",
  "AM": "亞美尼亞",
  "AX": "亞蘭群島",
  "IL": "以色列",
  "IQ": "伊拉克",
  "IR": "伊朗",
  "RU": "俄羅斯",
  "BG": "保加利亞",
  "HR": "克羅埃西亞",
  "IS": "冰島",
  "SJ": "冷岸及央麥恩群島",
  "LI": "列支敦斯登",
  "LY": "利比亞",
  "CG": "剛果",
  "CD": "剛果民主共和國",
  "GA": "加彭",
  "CA": "加拿大",
  "HU": "匈牙利",
  "KP": "北韓",
  "MP": "北馬里亞納群島",
  "TT": "千里達及托巴哥",
  "GS": "南喬治亞與南三明治群島",
  "AQ": "南極洲",
  "ZA": "南非",
  "KR": "南韓",
  "QA": "卡達",
  "ID": "印尼",
  "IN": "印度",
  "ER": "厄利垂亞",
  "EC": "厄瓜多",
  "CU": "古巴",
  "CC": "可可斯群島",
  "TW": "台灣",
  "SZ": "史瓦濟蘭",
  "DJ": "吉布地",
  "KG": "吉爾吉斯",
  "KI": "吉里巴斯",
  "TV": "吐瓦魯",
  "KZ": "哈薩克",
  "CO": "哥倫比亞",
  "GP": "哥德普洛",
  "CR": "哥斯大黎加",
  "CM": "喀麥隆",
  "GE": "喬治亞共和國",
  "TC": "土克斯及開科斯群島",
  "TM": "土庫曼",
  "TR": "土耳其",
  "TZ": "坦尚尼亞",
  "EG": "埃及",
  "TJ": "塔吉克",
  "SN": "塞內加爾",
  "SC": "塞席爾",
  "RS": "塞爾維亞",
  "CS": "塞爾維亞和蒙特尼哥羅",
  "MX": "墨西哥",
  "TG": "多哥共和國",
  "DM": "多明尼加",
  "DO": "多明尼加共和國",
  "NG": "奈及利亞",
  "AT": "奧地利",
  "VE": "委內瑞拉",
  "BD": "孟加拉",
  "AO": "安哥拉",
  "AI": "安圭拉島",
  "AG": "安地卡及巴布達",
  "AD": "安道爾",
  "HN": "宏都拉斯",
  "FM": "密克羅尼西亞群島",
  "LA": "寮國",
  "ZM": "尚比亞",
  "NI": "尼加拉瓜",
  "NE": "尼日",
  "NP": "尼泊爾",
  "PS": "巴勒斯坦",
  "BS": "巴哈馬",
  "PK": "巴基斯坦",
  "PG": "巴布亞紐幾內亞",
  "PY": "巴拉圭",
  "PA": "巴拿馬",
  "BH": "巴林",
  "BR": "巴西",
  "BB": "巴貝多",
  "BF": "布吉納法索",
  "BV": "布威島",
  "GR": "希臘",
  "PW": "帛琉",
  "GN": "幾內亞",
  "GW": "幾內亞比索",
  "CK": "庫克群島",
  "DE": "德國",
  "EE": "愛沙尼亞",
  "IE": "愛爾蘭",
  "TK": "托克勞群島",
  "LV": "拉脫維亞",
  "NO": "挪威",
  "CZ": "捷克共和國",
  "MA": "摩洛哥",
  "MD": "摩爾多瓦",
  "MC": "摩納哥",
  "SY": "敘利亞",
  "FJ": "斐濟",
  "SK": "斯洛伐克",
  "SI": "斯洛維尼亞",
  "LK": "斯里蘭卡",
  "SG": "新加坡",
  "NC": "新喀里多尼亞群島",
  "JP": "日本",
  "CL": "智利",
  "IM": "曼島",
  "ZZ": "未確定的區域",
  "TO": "東加",
  "TL": "東帝汶",
  "TD": "查德",
  "KH": "柬埔寨",
  "GG": "根西島",
  "GD": "格瑞納達",
  "GL": "格陵蘭",
  "VA": "梵蒂岡",
  "MU": "模里西斯",
  "BE": "比利時",
  "BN": "汶萊",
  "SA": "沙烏地阿拉伯",
  "FR": "法國",
  "TF": "法屬南方屬地",
  "GF": "法屬圭亞那",
  "PF": "法屬玻里尼西亞",
  "FO": "法羅群島",
  "BA": "波士尼亞與赫塞格維納",
  "PR": "波多黎各",
  "BW": "波札那",
  "PL": "波蘭",
  "TH": "泰國",
  "HT": "海地",
  "JE": "澤西島",
  "AU": "澳洲",
  "UA": "烏克蘭",
  "UG": "烏干達",
  "UY": "烏拉圭",
  "UZ": "烏茲別克",
  "JM": "牙買加",
  "SL": "獅子山",
  "BO": "玻利維亞",
  "SE": "瑞典",
  "CH": "瑞士",
  "GT": "瓜地馬拉",
  "WF": "瓦利斯和福杜納群島",
  "GM": "甘比亞",
  "RE": "留尼旺",
  "BY": "白俄羅斯",
  "BM": "百慕達",
  "PN": "皮特康",
  "RW": "盧安達",
  "LU": "盧森堡",
  "GI": "直布羅陀",
  "FK": "福克蘭群島",
  "KW": "科威特",
  "KM": "科摩羅群島",
  "CI": "科特迪瓦",
  "PE": "秘魯",
  "TN": "突尼西亞",
  "LT": "立陶宛",
  "JO": "約旦",
  "NA": "納米比亞",
  "NU": "紐威島",
  "NZ": "紐西蘭",
  "SB": "索羅門群島",
  "SO": "索馬利亞",
  "CV": "維德角",
  "MM": "緬甸",
  "RO": "羅馬尼亞",
  "US": "美國",
  "VI": "美屬維京群島",
  "AS": "美屬薩摩亞群島",
  "UM": "美屬邊疆群島",
  "IT": "義大利",
  "KN": "聖克里斯多福及尼維斯",
  "ST": "聖多美及普林西比",
  "BL": "聖巴瑟米",
  "PM": "聖彼德與密啟崙",
  "VC": "聖文森及格瑞那丁",
  "CX": "聖誕島",
  "SH": "聖赫勒拿島",
  "LC": "聖露西亞",
  "MF": "聖馬丁",
  "SM": "聖馬利諾",
  "KE": "肯亞",
  "FI": "芬蘭",
  "GB": "英國",
  "IO": "英屬印度洋領土",
  "VG": "英屬維京群島",
  "MR": "茅利塔尼亞",
  "AN": "荷屬安地列斯",
  "NL": "荷蘭",
  "MZ": "莫三比克",
  "PH": "菲律賓",
  "VU": "萬那杜",
  "YE": "葉門",
  "PT": "葡萄牙",
  "MN": "蒙古",
  "ME": "蒙特內哥羅",
  "MS": "蒙特色拉特島",
  "BI": "蒲隆地",
  "GY": "蓋亞納",
  "WS": "薩摩亞群島",
  "SV": "薩爾瓦多",
  "SD": "蘇丹",
  "SR": "蘇利南",
  "ET": "衣索比亞",
  "EH": "西撒哈拉",
  "ES": "西班牙",
  "NF": "諾福克島",
  "NR": "諾魯",
  "BJ": "貝南",
  "BZ": "貝里斯",
  "LR": "賴比瑞亞",
  "LS": "賴索扥",
  "CY": "賽普勒斯",
  "GQ": "赤道幾內亞",
  "HM": "赫德與麥克當諾群島",
  "VN": "越南",
  "ZW": "辛巴威",
  "GH": "迦納",
  "KY": "開曼群島",
  "GU": "關島",
  "AF": "阿富汗",
  "AE": "阿拉伯聯合大公國",
  "OM": "阿曼王國",
  "AR": "阿根廷",
  "DZ": "阿爾及利亞",
  "AL": "阿爾巴尼亞",
  "AW": "阿路巴",
  "MQ": "馬丁尼克島",
  "MY": "馬來西亞",
  "MK": "馬其頓",
  "ML": "馬利",
  "MW": "馬拉威",
  "MT": "馬爾他",
  "MV": "馬爾地夫",
  "YT": "馬約特",
  "MH": "馬紹爾群島",
  "MG": "馬達加斯加",
  "LB": "黎巴嫩"
}